id,title,problem,idea,impact,agree,disagree
12,"新增捷運","在新竹常常有公車問題，若新增捷運航線可能可以解決","解運從竹北到新竹火車站可以作為一個路線","減少交通問題",2,0
7,"公車啟動停止提醒","新竹公車作為許多民眾的交通選擇之一，尤其是老年人及小孩，然而每次搭車的體感在啟動及減速時都是又急又危險。","仿照日本公車駕駛，在每一次的啟動或減速前，都會通過車上廣播系統簡短的提醒民眾注意。","搭乘公車的安全性及舒適性可以提升，避免跌倒推擠意外發生率",12,9
19,"來解決新竹大塞車難題吧！","只要一到上下班尖峰時間，新竹便無處不塞。","1. 增生更多像先導公車這些路線方便的公車，尤其是尖峰時段加開，減少上不去公車而只好自己開車／騎車通勤的動機。 2. 定期舉辦公車相關活動，例如：在公車內設立集點站，集滿點數即可抽獎獲得超商禮券等等。讓大家更願意去搭乘大眾運輸工具。 3. 建設捷運，幫助交通分流。","減少尖峰時段塞車情況，並增加民眾使用大眾運輸工具的意願。",1,0
13,"解決新竹上下班尖峰壅塞的「隊列釋放與速度協調」方案","新竹在上下班尖峰常出現「交通震盪波」：前車延遲起步 1 秒，後車反應時間與加減速疊加，形成 n+1 的遞延，導致綠燈也無法有效釋放車流。加上匯入瓶頸、號誌未協調、臨停占道與左轉干擾等因素，使幹道與園區周邊路口長時間壅塞、通行效率低落。","以「政府統一協調車流」為概念，導入智慧化與低成本並行的組合拳： 1. 智慧號誌與綠波帶：導入自適應號誌（ASCT），依即時流量調整相位與綠時，串接幹道綠波。 2. 隊列式釋放：在紅燈期間完成排隊偵測，綠燈一到以「統一起步指令」與建議目標速度協調起步（車聯網 RSU/APP 或路口起步倒數+聲光提示），減少起步落差。 3. 速度協調/可變速限：於幹道前段以可變速限與提示牌抑制急煞、縮小車距波動，消除震盪波源頭。 4. 節流匯入（Ramp Metering）：在匯入/匝道口以簡易號誌節流，避免主線被瞬間擠爆。 5. 公車優先與接駁：公車號誌優先（PTPS）＋園區接駁增班，提升載客效率。 6. 低成本快做：設置起步倒數燈、地面「跟車距離線」、黃線嚴禁臨停與路口箱形禁停格；左轉分離相位或移設待轉區。 7. 中長期配套：C-ITS 示範路廊（V2I 訊息推播「建議起步時距/速度」）、企業彈性上班、共乘與 P&R。 宣傳以趣味「貢丸車隊」作比喻：統一速度、同時起步＝更快更順，提升民眾理解與參與度。","KPI（一年內示範路廊）： 1. 尖峰平均旅行時間 -15%～-25% 2. 路口綠燈通行車數 +10%～+20% 3. 急減速/煞停事件 -30%（由感測或車隊數據估算） 4. 公車準點率 +15% 社會影響： 降低碳排與噪音、提升通勤可預測性與園區競爭力，減少因壅塞造成的時間成本與事故風險，改善周邊居民生活品質。同時以「貢丸車隊」的趣味宣導強化參與與遵從，推動交通文化從「各開各的」轉為「協同前進」。",3,3
15,"新竹市區的街友問題","平常放學去火車站旁邊常常有一大群街友在那躺著或者抽煙，還有隨地大小便","找個集會所安置這些街友，協助融入社會，或者送去醫療救治","能夠減少路邊街友的數量，晚上走路不會那麼可怕，新竹市區也會比較美觀",0,0
9,"新竹吉祥物","台南都有虱目魚吉祥物魚頭君，幫助縣市宣傳。我認為新竹除卻美食沙漠外，應該也要有能提升市知名度的吉祥物。","設計與貢丸、風相關的吉祥物，並籌辦一系列相關活動打響名氣。","讓新竹被大家看見。",5,2
14,"減輕父母負擔","目前政府推行0-6歲國家一起幫你養，讓有小孩的父母親每月可領到相關補助，但國小之後並無每月相關補助，目前大多雙薪家庭，小孩放學大多送安親班待下班後再去接，安親班每月費用也是不少，讓父母親擔憂花費。","建議政府補助安親班費用","提升生育率及降低少子化影響，這是刻不容緩要立刻去做的事，0-6歲部分已經開個頭了，6歲以後也要繼續做下去，讓父母親擔憂的事情能依依減輕，這社會能給予養育小孩家庭更多支援，讓他們能放心生育，然後安心養育，進而降低少子化對社會影響。",2,1
18,"交通暢行","公車班次太少","希望可以增加新竹公車的班次","交通可以更方便",1,0
10,"智慧城市民眾參與","雖然新竹市推動智慧城市，但許多民眾不清楚有哪些服務或參與方式，容易形成政策落差。","推出「市民APP」整合交通、租屋、活動、投訴反映等功能。 定期舉辦「市民黑客松」或「政策協作會議」，讓民眾直接參與討論。 增加雙語化與無障礙數位服務，讓更多市民能方便使用。","市民知悉政府推行之政策，便民又深刻",7,7
20,"禮讓行人","車子都不讓行人","人情壓力","減少交通事故發生率",1,0
8,"Gogoro換電焦慮","Gogoro換電站供應在某些區域不足，卻也無從向廠商反應，然而推行go share作為大眾交通工具是需要補足這方面基礎建設。","希望市府能協助民眾向廠商溝通協作，共同找尋可設換電站的場所。","大家騎到飽飽電的gogoro，耶比",10,7
17,"新竹市停車難題與交通壅塞","在多個 FB 社團中，常見有人抱怨某些商圈、住宅區、學校周邊停車難；或主幹道上下班尖峰塞車嚴重、斷點多、交通號誌調度不佳、機車與汽車互衝、行人道與自行車道配置不合理等。這類貼文往往能引起很多共鳴與回覆。","規劃立體停車場或地下停車庫（尤其在密集區域） 加強公共交通覆蓋率與班次，鼓勵通勤族搭乘大眾運輸 限制外縣市到新竹市內高乘載管制或者只能搭乘大眾運輸工具，避免塞車，又能減碳。","實現「交通友善」的新竹市，讓市民出行順暢、停車便利、步行與騎乘也安全舒適。交通壅塞減少、排放污染下降、居民日常壓力降低。 提升生活品質：減少通勤時間、降低能源浪費 降低空氣污染與溫室氣體排放",0,0
16,"新竹Ubike2.0的增加需求","在新竹，交通首要選擇是腳踏車，因為公車真的太差了，但是卻面臨到腳踏車不足的問題，","多新增站點，派車速度加快","可以讓交通更便利",1,0
39,"新增客語版 標示、宣導、廣播內容","新竹是客家人口比例最多的城市，高達三分之二，若是在重要的議題，已經公眾場合，可以加強使用客語的契機，會有助於城市居民的幸福程度。 例如：新竹的詐騙案件層出不窮，從新竹科學園區的工程師，到尚未成年的學子，都深受其害，若是在設立安全宣導相關的活動時，可以新增客語版本，能夠促進客語母語者的訊息接收，也讓在地居民習慣使用客語，從日常生活中延續語言。","拍攝「客語」版反詐騙宣導影片，並且逐步地，在公眾場合、觀光景點標示、交通語音廣播、博物館介紹 等等 新增客語版本。 向市政府募資，並號召「客語」流利母語者，以及學生社團（清大或交大甚至全台大學）一起完成此項工程，並且研究此項議題。","期望未來有一天，可以在新竹各個所在，聽到客語的使用。現在公車到站廣播已經有客語的聲音，未來在宣導影音作品，觀光旅遊介紹，深度導覽，皆可聽到客語的聲音。",2,0
21,"新竹熱點難停車","在新竹一些熱門景點，常常因為人潮眾多，停車位難以尋找，許多遊客也擔心臨時亂停車會被拖吊，反而影響出遊心情。","1.做整合新竹停車網頁或是APP 2.熱門景點周圍停車場路邊停車顯示 3.整合住家閒置車位臨時出租 4.停車所在有什麼熱門景點或小吃","讓大家出遊有好心情 不必為停車煩惱",1,0
24,"新竹市宜居永續商圈再生","新竹市曾有許多代表性的繁華地標──中興百貨、大成街、晶品城，以及正改造中的東門市場──這些地方曾是居民生活的核心。然而隨著商業模式轉變與都市發展，街區逐漸沒落，呈現空曠與冷清的狀態。 現況問題包含： 店面空間老舊，缺乏設計美感與舒適性。 缺少具有吸引力的公共空間，難以讓人停留。 在地文化價值未被充分轉譯，導致商圈特色不足。 年輕族群與新興產業未被有效吸引，難以形成活絡的城市循環。","室內設計導向 改造商圈建築與內部空間，導入現代化、永續與人本的設計語言。 增設舒適的休憩座椅、綠植配置、燈光氛圍，提升逛街體驗。 採用環保建材、低碳設計，實踐宜居永續的核心理念。 文創產業導向 將在地文化元素（如新竹風、地方故事、傳統工藝）轉化為可體驗的空間設計或裝置藝術。 舉辦主題市集、藝術展覽、青年創業攤位，讓商圈成為創意交流的平台。 打造「文化識別系統」（Cultural Branding），賦予每條街區鮮明的特色與故事。","重塑街區魅力：讓商圈重新成為新竹居民日常交流與休閒的舞台。 宜居永續示範：以設計與文創結合，推動低碳、環保、文化共融的街區更新。 培養城市文化名片：塑造新竹專屬的生活文化意象，提升城市辨識度。 吸引青年與創業能量：讓商圈不僅是消費場域，更是新創、設計與文創品牌的孵化基地。 居民面向：獲得更舒適、安全、具文化氛圍的生活環境，提升生活品質。 商業面向：透過設計提升空間價值，透過文創導入新業態，吸引人潮回流。 文化面向：延續並再詮釋新竹的在地故事，讓城市記憶被看見、被體驗。 永續面向：以環保設計和文化驅動並行，為城市打造兼顧美感、環境與產業發展的長期模式。",23,20
37,"改善前往竹北的交通","新竹市區與竹北之間的交通狀況十分嚴峻。上下班尖峰時段經常大塞車，造成通勤時間過長；公車班次雖然存在，但因交通壅塞導致經常誤點，缺乏可靠性；此外，部分路段缺乏完善的人行道與自行車道，讓步行或騎乘自行車的市民面臨安全風險，整體公共交通使用意願也因此降低。","規劃並興建捷運系統，串聯新竹市與竹北，提供快速、穩定、準時的大眾運輸選擇。同時可搭配公車路線整合，形成完整的轉乘網絡，並在沿線增設人行道、自行車道，打造更安全便利的交通環境。","透過捷運建設，可有效紓解尖峰時段的交通壅塞，縮短通勤時間，提升居民生活品質。同時促進新竹與竹北的區域整合，帶動經濟與產業發展。更重要的是，安全且可靠的大眾運輸能夠減少私人交通工具的使用，降低碳排放，推動永續城市的發展，讓新竹成為更適合居住與工作的宜居城市。",3,2
29,"新竹景點","新竹常被說是美食沙漠，並且因為沒有特殊景點所以很少觀光客會選擇新竹旅遊，也就沒有平反的機會，所以應該要有屬於新竹的景點並且推廣新竹食物","新增旅遊打卡景點並舉辦美食節等活動","希望觀光客可以變多，並且改善美食沙漠的稱號",0,0
26,"市容更新交通無礙","市榮街景老舊，道路狹小","整修市榮，招牌整頓，道路拓寬","讓市容煥然一新、符合科技城市",1,0
34,"新竹遊樂園建造計畫(迪士尼或環球影城)","每當討論到新竹的景點，都是古蹟以及巨城，為了要增加新竹的觀光客，同時讓竹科工程師在工作之餘有其他地方可以休閒娛樂， 想要創造一個專屬於一個新竹的新地標，一個結合科技及設施的遊樂園，讓大人小孩都可以到此處體驗新竹。","於新竹設置主題樂園，理想上是讓迪士尼或者是環球影城來到新竹進行設點，為了要達成這個目標，需要資金、人力、以及空間， 因此期望結合新竹政策以及群眾募資的方式，以六年的計劃將屬於新竹的遊樂園設置起來， 其中 第一年是規劃及資源募集 第二年至五年進行實際執行 最後第六年進行試營運以及回饋修正 若本許願案讚加覆議超過100了話，當月內就聯繫嘖嘖募資來進行募資執行。","來新竹玩的人可以有地方可以好好享受新主美景及好天氣， 促季地方觀光同時帶動更多的人流前來新竹。",3,3
28,"房價與居住環境","高房價與租金： 新竹（特別是竹北）的房價和租金持續上漲，購屋和租屋的經濟壓力大。 居住品質差： 部分租屋處環境條件較差，可能存在違建、隔音不佳或潮濕等問題。","這是一個很好的延伸問題 👍 新竹的「高房價、租金高、居住品質差」確實是長年痛點。要「解決」或「改善」這些問題，可以從三個層面來看：政府政策、企業與地方發展、以及個人對策。以下是具體做法： --- 🏛 一、政府與都市規劃層面 1. 加速公共住宅與社會住宅建設 提供合理租金、品質穩定的住宅給年輕人與中產階層，降低市場壓力。 2. 區域均衡發展 將部分科技園區外溢至周邊地區（如竹南、湖口、頭份），減輕竹北與新竹市區的房價與交通壓力。 3. 改善交通基礎設施 拓寬主要道路、增設捷運或BRT系統，減少通勤時間，讓外圍地區變得可居。 4. 嚴格監管違建與租屋品質 建立租屋安全檢查制度，確保隔音、防潮、消防符合標準。 --- 🏢 二、企業與地方發展層面 1. 企業提供員工宿舍或租金補貼 科技公司可以提供合理租金的宿舍，或與地方政府合作建設員工社區。 2. 促進商圈與娛樂產業發展 增加休閒、娛樂、餐飲空間，讓「只有工作、沒有生活」的印象改變。 3. 鼓勵地方創生與文創產業 活化舊市區，吸引更多中小型商店與文化活動，提升生活機能與城市魅力。 --- 👩‍💼 三、個人對策 1. 考慮通勤居住模式 可選擇在竹南、湖口、頭份或苗栗居住，搭配開車或高鐵通勤，節省租金。 2. 合租或與同事共居 分攤房租與生活開銷，也能找到品質較好的住所。 3. 精準挑屋與長租談判 避開老舊違建區，長租可爭取租金折扣或設備升級。 4. 利用政府與企業補助 如青年租金補貼、租屋契約登錄優惠等政策。","願望是讓新竹從「只有工作」的城市，轉變為「宜居與幸福並重」的城市。透過改善高房價與租屋品質，發展交通與生活機能，讓市民能安心居住、平衡生活與工作，進而提升幸福感，促進社會公平與永續發展。",3,1
22,"新竹國際化永續示範平台","新竹市作為台灣半導體與科技重鎮，能源需求與碳排壓力龐大，但同時存在中小企業缺乏淨零工具、居民參與感不足、政策落地與社區連結有限等挑戰。這造成「政策有推動、企業卻難以落實、市民更難感受」的落差，也使得新竹無法充分展現其在國際淨零行動中的示範潛力。","數位工具：開發在地碳盤查與綠電交易工具，讓中小企業與社區能輕鬆參與。 共學參與：與大學合作，舉辦「社區－學校－企業」三方共創工作坊，培養永續人才。 國際連結：對標歐盟 CBAM 與國際標準（ISO、SBTi），將新竹經驗轉化為「地方創生 × 國際輸出」的示範模式。","短期目標是協助新竹在地中小企業與社區完成首波碳盤查與綠電合作，提升市民參與度。中期則打造「淨零共學示範區」，結合新竹的高教資源與產業聚落，成為政策落地的最佳實驗場。長期願景是輸出「新竹模式」，與國際科技城市交流，讓新竹成為台灣第一個兼具地方創生與國際示範意義的淨零城市。此舉不僅能降低在地碳排，更能凝聚市民、產業與政府共識，創造正向循環的社會影響力。",2,2
36,"能提供外縣市來新竹工作者更多的租屋補助","新竹缺工的問題 外縣市來新竹工作 房租或是很大的負擔","能夠給外縣市來新竹發展的人多一些租屋補助的申請","更多人會願意來新竹發展 缺工問題也不會那麼嚴重",1,1
38,"智慧共學社區","隨著新竹市進入高齡化社會，許多長者在退休後面臨社交孤立、數位落差與生活目標感降低等問題。 同時，新竹市作為科技重鎮，許多年輕家庭雙薪工作，導致孩童與祖父母的互動時間減少，世代之間的理解與連結逐漸減弱。 此外，許多長輩對於智慧手機、數位服務（如掛號App、行動支付、LINE群組）感到陌生，影響他們參與現代社會的便利生活。 而孩子雖熟悉科技，卻缺乏與長者互動的耐心與共情。這造成「科技城市裡的情感疏離」與「代間斷層」。","建立一個以「老幼互學」為核心的智慧共學社區，結合社區大學、國小與在地科技新創，打造一個雙向教學平台： 1. 空間規劃 利用社區活動中心、圖書館或學校閒置教室作為「共學站」。 設置可操作的科技角落（如平板、投影牆、智慧家電展示）。 2. 互學課程設計 長輩教小孩：傳統童玩、客家話、老照片故事、手工藝。 小孩教長輩：智慧手機使用、LINE通訊、網路查資料、AI繪圖工具。 每期課程結束後共同創作「代間共學成果牆」或短片。 3. 科技支援 與新竹新創公司合作，設計簡易App： 小朋友可為長輩設定「數位任務清單」（如拍照傳送今日天氣）。 長輩可回傳語音祝福、生活照片。 AI紀錄互動日誌，生成代間回憶相簿。 4. 社區連結 每季舉辦「共學成果展」與「世代共餐日」，邀請居民一起參與。 推動「1家1長輩」制度，鼓勵科技家庭定期關懷社區獨居長者。","1️⃣ 促進世代交流：讓老與幼之間重新建立理解、尊重與情感連結。 2️⃣ 縮小數位落差：幫助長者適應科技生活，享受智慧城市便利。 3️⃣ 打造學習型社區：讓學習不再分年齡，每個人都能成為他人的老師。 4️⃣ 延伸社會支持網絡：減少長者孤獨與兒童社交缺口，形成社區互助循環。 5️⃣ 結合科技與人情味：成為新竹「科技與溫度並存」的典範城市。",6,0
25,"住宅問題與居住負擔過高","新竹科技業聚集，人口快速湧入，導致房價與租金飆漲。 許多在地年輕人與外來就業族群面臨「高薪買不起房、低薪租不起房」的困境，甚至影響人才留任與社會結構。","推動青年與社會住宅：政府可加速興建或釋出更多社宅供應，並針對青年、首購族與新竹在地居民提供租金補貼。 建立租屋市場透明機制：如成立「租金實價登錄平台」，保障租客權益並防止不合理漲租。 公私協力住房計畫：與企業合作設立職員宿舍或共同居住空間（co-living），減輕通勤壓力與生活成本。","建立一個「人人都能安心居住」的城市，讓青年、家庭與外來人口都能在新竹安居樂業 透過政策與市場協作，使住宅市場更透明與公平，降低租屋與購屋壓力",1,0
33,"青年創業","青年創業貨款條件與方式，很多部份對於第1次創業的青年來說，很多條件難以達成。","政府多協助創業青年的諮詢與提供相關資料並與銀行溝通。","鼓勵青年創業增加地方特色，產業年輕化。",2,0
30,"使用者付費","金山街鄰近竹科，號稱竹科新手村，人口密集但停車位稀少，員警三天兩頭開單浪費警力，反而忽略巡邏保衛居民","金山街可新增機車停車格，解決警力反覆浪費在開單的問題，多巡邏維持居民安全","人民安心工作，警察專心保衛家園",0,0
27,"被冠上美食沙漠的城市","每次被詢問來新竹可以吃什麼 腦袋只有米粉貢丸遠東巨城","希望有更多好吃的東西進駐新竹 或在清大交大附近開店","可以引進更多觀光客跟填飽我對美食渴望的肚子",1,0
31,"斑馬線路口 燈光昏暗","新竹市多處行人斑馬線，無號誌之外，燈光也不夠明亮，駕駛往往快到斑馬線才發現有行人。","1. 加裝行人穿越號誌燈 2. 加強鄰近燈具 3. 加入行人等待區","1. 保護行人安全。 2. 減少不同交通族對立。 3. 維持社會秩序。",1,1
23,"守護「心」竹","新竹作為科技城，吸引許多人才進入高科技產業，但同時也存在著許多問題，像是工作壓力大導致身心靈的問題、職場上霸凌的問題導致不幸的憾事發生等等，希望在注重經濟發展的同時能兼顧身心靈健康及應受到該有的對待","1.廣設諮商服務在各大公司 2.設計一款通報平台，平常可在上面發洩心情，像是發文平台（讓有相同遭遇的人能互相聊聊，抒發情緒），上傳遭受不平等對待的證據（如line對話截圖等等），使用者同意後則直接通報勞工局","希望達到工作與生活平衡的目標，身心健康是身為人不可或缺的部分，提升平等社會，嚇阻職場霸凌的發生",0,0
35,"景點人流監測","六日人潮都集中在個大百貨","與百貨合作人流監控與車位監測","可以避免人潮過度聚集",1,0
40,"竹科通勤 E 指通：智慧化共乘與停車引導整合平台","新竹科學園區是新竹市的經濟命脈，但也帶來了嚴峻的交通壅塞問題。每日上下班尖峰時段，園區周邊道路幾乎癱瘓，造成大量的時間浪費、空氣污染與民怨。員工各自開車導致停車位不足，而公共運輸的「最後一哩路」接駁仍有待優化。","開發一個專為竹科通勤族設計的「竹科通勤 E 指通」App。 數據整合： 整合市府的即時交通路況、公車動態、以及園區各停車場的剩餘車位資訊。 智慧共乘媒合： 員工可輸入上下班時間與路線，系統會自動媒合順路的同事進行共乘。平台可引入評價與女性專用共乘選項，提高安全性與信任度。 停車即時引導： 針對自駕者，App 會根據目的地與即時車位數據，推薦最佳停車場，並直接導航，避免車輛在園區內無謂繞行。 綠色通勤獎勵： 與園區廠商合作，凡是透過 App 進行共乘或搭乘大眾運輸的員工，可累積「綠色積分」，兌換企業內部的福利（如：咖啡券、優先停車權）或市府提供的獎勵。","在平台上線一年後，希望能將透過 App 進行共乘的通勤比例提高 10%，並減少使用者平均 15% 的通勤時間。最終目標是緩解竹科的交通壓力，並推動更永續的通勤模式。 直接回應新竹市民最關切的交通問題，能有效降低尖峰時段的車流量與碳排放。此舉不僅能提升數萬名園區員工的生活品質，也能改善周邊居民的交通環境，更能展現新竹市作為一個「智慧城市」的治理能力與創新精神。",5,3
32,"「節能有獎，竹夢永續」——共築宜居新竹","新竹市以高科技產業聞名，但城市生活環境卻面臨「高耗能、低節能」的反差。 • 新竹市相當比例的住宅為老舊建物，隔熱與用電效率普遍不佳。 •新興社區與竹科周邊開發造成能源集中，形成熱島效應。 •市民與建商普遍認為綠建築成本高、回收慢，缺乏行動誘因。 結果導致新竹雖擁有「智慧城市」潛力，卻在永續生活與節能社區推動上落後，難以吸引青年長期定居。","以「青年創意＋社區行動＋政府獎勵」三管齊下，建立新竹特色的永續生活制度： 1️⃣ 綠建築獎勵制度升級： •新建案達綠建築標章（銀級以上），可獲容積或稅務獎勵。 •青年設計師、建築科系學生可參與「新竹綠建築共創營」，由市府與建商共同培育永續設計人才。 2️⃣ 社區節能行動賽： •舉辦「青年×社區節能挑戰賽」，鼓勵青年帶領社區居民執行節能提案（如智慧電表、綠植屋頂、社區共享太陽能）。 •成果以節能成效與創意呈現競賽，優勝團隊獲市府與企業補助。 3️⃣「竹綠點」App獎勵平台： •開發「竹綠點」行動平台，讓市民可記錄日常節能行為（減少冷氣、共享交通等），累積點數兌換地方店家折扣或公共服務優惠。 •同時作為青年志工與社區串聯的平台，形成綠生活網絡。","1.推動永續建築轉型：鼓勵建商導入綠建築設計與節能技術，逐步提升新竹市建築能源效率。 •目標：五年內新建案中至少三成取得綠建築標章。 2.促進社區節能行動：以「社區節能挑戰賽」及「青年節能輔導團」為核心，推動居民自發節能計畫。 •目標：五年內累計 50 個以上社區參與節能改造或競賽。 3.提升青年參與與行動力：建立青年與社區、企業合作的行動平台，讓青年能實際參與城市永續建設。 •目標：每年至少 1,000 名青年投入綠建築、節能或環境創意行動。 4.打造科技 × 永續示範城市：結合竹科企業、在地大學及社區力量，打造「科技城市轉向永續生活」的範例。 •目標：新竹成為全台首座以智慧節能與青年共創為特色的城市品牌。",40,39
41,"新竹市也要有綠地","居住在新竹市唯一有大面積稻田的地方，鄰近市中心交通還算便利，風景也很優美，夏天偶爾看得到螢火蟲。但面臨都更問題，恐怕未來這些稻田是再也見不到了，希望可以保留這些稻田，成為城市綠洲，讓這塊土地的不一樣成為新竹市的一種亮點。","與當地農民配合，對於農田系統性的管理，除了耕種之外，賦予新竹市居民就近到綠地放鬆，創造休閒農業的價值。","新竹市也可以有綠地、新的遊憩空間，不再是枯燥的新大樓建築、週末留不住人，或者都跑去巨城的地方。此外，可以讓新竹市民多一點跟土地的聯結，加深新竹市民的向心力。",1,0
55,"偏區長照解方","新竹市區的長照服務雖然資源逐漸增加，但在南香山、南寮、關東橋等較偏遠區域，仍存在明顯落差。這些地區不僅交通不便，醫療及居家照顧資源分布也較稀疏，使得高齡者與家屬在申請或獲得居服員服務時，往往面臨漫長等待與不確定性。長期下來，不僅影響長者的生活品質，也增加了家庭照顧者的壓力，形成照顧不均與社會支持不足的問題。","透過數位工具建立一套「長照量能監測平台」，數據回饋與預測：利用地理定位與數據，快速監測偏區需求與可支援的居服員。透過收集的服務需求與人力流動數據，提供政策與機構決策參考，改善偏區的長照規劃。","具體實的目標「找得到、看得到、用得到，在地安老」。縮短服務落差：偏遠地區長輩能在需要時快速獲得照顧，減少申請與等待的時間差。減輕家庭壓力：降低家屬因照顧資源不足而產生的負擔，提升家庭支持力。促進社會公平：不因地理位置不同而剝奪長輩的基本照顧權益，打造更均衡的照顧網絡。",12,11
52,"「Next Hsinchu：未來百貨 × 城市生活實驗基地」","新竹被稱為「科技首都」，但市民與外地旅客普遍反映生活娛樂選項貧乏。 * 主要消費與聚會地點集中在「巨城百貨」；其他區域的商圈吸引力低。 * 年輕人、家庭族群及外地遊客缺乏假日出遊的多元選擇。 * 新創品牌與地方文化缺乏展示與交流平台。 結果：新竹成為「適合工作，不適合生活」的城市代表。","打造一座不只是逛街的百貨，而是「生活×創意×科技」的空間 ：Next Hsinchu 未來百貨 空間規劃｜ 1. Future Hall（未來實驗區） 展示AI、VR、智慧家電、電動車等最新科技產品，開放試用與互動。 2. Maker Market（創客市集） 給在地創業者、小品牌、設計師、學生團隊短期進駐的快閃空間。 3.Taste Lab（味覺實驗室） 集合新竹在地食材 × 創新料理的餐飲品牌，打造「竹科員工的午餐天堂」。 4. Sky Park（天際綠地） 頂樓設計為綠色公共空間，結合音樂表演、戶外電影與市集活動。 5. Art Loop（藝術步道） 建築內部串連在地藝術家與新媒體藝術展覽。","1. 提升城市吸引力：讓新竹成為北部地區週末出遊新據點。 2. 培育地方創新生態：成為新創品牌與學生團隊的展示平台。 3. 促進商業與文化共榮：整合科技、藝術、生活，創造多元商機。",45,42
47,"建造青年學習館","多元教育及社會高物價下,許多青年已經漸漸轉變成躺平族","提供青年多元學習的場所,多加嘗試各領域學習","提升自我價值,創造競爭力",2,2
42,"護城河：下一個勤美","護城河變成了臭水溝，散發臭味，甚至還有街友往河裡面排便被發到脆上。 而且在城市裡難得有綠化區域，不應該被浪費。","1.加強過濾系統以及衛生管理，協助街友有定居之所，讓他們不必到護城河清洗。 2.假日新增市集活動，增加文藝氣息，並且提供居民一個休閒逛街的地方，同時也提供了文創藝術者工作機會。 3.增加燈光裝飾，讓夜晚也明亮奪目，成為打卡景點。 4.短期目標可以參照台中勤美、綠園道，後續再根據實際情況再做新竹文化的結合，發展成獨屬於新竹的特色。","環境優美、具有特色的文藝區域，讓大家假日也能放鬆身心。",1,1
43,"房屋空屋率高，給予有親子的人補助購買","房屋空屋率高，房價卻高漲不降 導致年輕一代不想生子","將房屋給予親子無房屋的家庭便宜購入，創造雙贏","解決超高齡社會問題",2,2
60,"運動場所","天氣變化多端，沒有合適場域可供運動","希望有更多風雨球場供人使用，排球籃球","運動身體好，青春人不老",0,0
57,"多一點樹","希望新竹可以多種一些樹讓我可以吸收芬多精，更加健康","種很多很多樹","使全新竹人成為台灣最健康的都市",0,1
58,"幼兒疫苗補助","幼兒自費腸病毒、輪狀病毒疫苗雖有補助2000元，但疫苗費用遠高於2000，爸媽負擔極大。","輪狀病毒全額補助","減輕父母負擔",1,2
45,"即時掌握及得知長照服務使用情形及最新消息","一、透過照管中心派案給長照服務單位，因服務使用特性，不只一個服務單位需聯繫，不過每個服務單位都有一個窗口，導致時常需要常常跟不同窗口聯繫，容易搞混，不易管理長照使用情形。 二、政府給的長照四包錢，經過服務單位提供服務後，不知道還剩下多少額度，或者不確定要繳多少部分負擔費用，需要靠自己記下來，常常記錯。 三、常常無法第一時間接收到照管中心的資訊，導致資訊落差。","製作連結官方資訊的個人長照使用情形app，即時得知單位服務後，自己的剩餘額度，以及需要繳交的費用，另外照管中心也可以透過該app推播更多有關長照的最新消息。","長照需要者在地安老，家屬放心就業，達到老、青安心生活的目標！",13,13
49,"改善多事故或高機率罰單入口的設計","目前道路上，高機率獲得罰單的入口設計可能有誤需要改正","改正用路人的視線引導","減少事故",0,0
51,"推廣各個年齡層參與活動","到假日時，想參與活動，但有時找不到或不知相關活動資訊。","希望能多舉辦各個年齡層都能參與的活動，並能推廣讓大家知道相關活動資訊。","平日上學或上班生活較壓抑，到假日希望能多出去走走參與活動，對身心健康方面有助益。",2,2
54,"「科技城心，一嚐傾城」——共品竹塹創新食力","🏜️「美食沙漠」的污名化標籤： *新竹常被戲稱為「美食沙漠」，但這並非指新竹沒有美食，而是源於「資訊不對稱」與「地理位置分散」兩大核心問題。許多在地人或資深饕客都知道，真正美味的店家往往隱藏在巷弄、住宅區或非核心地段。 🏜️資訊搜尋的斷層與困難： *店家地理位置分散： 美食店家未集中於特定區域，而是散佈在東區、北區、香山區，甚至竹北等地，導致遊客或新居民難以規劃美食路線，常常因為交通與時間成本而卻步。 *傳統店家數位化不足： 許多老字號、家庭式經營的優質店家，缺乏行銷資源與數位能力，沒有建立Google商家檔案或社群媒體帳號，導致在網路上「被隱形」，無法被主流搜尋引擎輕易找到。 *網路資訊品質不一： 現有資訊散落在Google地圖評論、部落格文章、Facebook社團或PTT論壇，缺乏一個統整、可信且即時更新的平台。使用者需要花費大量時間交叉比對，且資訊可能早已過時。 🏜️消費者與店家的雙輸局面： * 消費者找不到特色店家，只能集中前往少數幾家網路名店，造成排隊與體驗下降；而優質的在地小店則因缺乏曝光，錯失了大量潛在顧客，形成惡性循環。","💡 解決想法 (Solution Idea) 這是一個專為新竹設計的「美食領航 App」，旨在打破資訊壁壘，重新定義新竹的美食地圖。 💡 核心架構：雙向資訊共享平台 * 店家端 (B-Side)： 提供一個簡易操作的後台，讓店家可以自行上架資訊、菜單、營業時間，並發布廣告或最新的優惠活動。 * 饕客端 (C-Side)： 使用者不僅是資訊接收者，更是內容貢獻者。他們可以新增Google地圖上沒有的「隱藏店家」、上傳真實的照片與評論，並驗證、更新其他使用者提供的資訊。 💡 關鍵功能與誘因機制： * 1. 群眾外包的美食地圖： * 「隱藏店家回報系統」： 核心功能，讓使用者能輕鬆標記地圖上沒有的美食店家，經由其他使用者或平台驗證後，即可出現在App中，讓秘境美食浮出水面。 * 即時情報更新： 饕客可以回報店家的臨時公休、菜單更新或排隊狀況，讓資訊保持最新。 * 2. 三方共贏的獎勵機制： * 饕客貢獻獎勵： 由「新竹市政府」與「在地店家」合作，提供獨家優惠券作為獎勵。例如：回報3家認證的隱藏店家，即可獲得「XX店家8折優惠券」或「YY店家特製套餐兌換券」。 * 店家行銷機會： 店家可藉由提供優惠套餐券，吸引饕客品嚐店家最自豪或創新的「主打組合」，不僅能測試市場反應，也能為顧客帶來味蕾上的新衝擊，創造口碑。 * 3. 智慧化與個人化體驗： * 互動式美食地圖： 清晰標示所有店家位置，可一鍵導航。 * 進階篩選與搜尋： 可依據行政區、料理類型、價位、使用者評分、是否為「隱藏店家」等條件進行篩選，快速找到目標。","🎯 願望和目標 (Vision and Goals) 🎯 願景 (Vision)： * 撕下新竹「美食沙漠」的標籤，將其重新定位為「巷弄美食天堂」與「臥虎藏龍的美食綠洲」。 🎯 短期目標 (Short-term Goals)： * 平台建立： 成功開發並上線App，初期至少收錄數百家由官方及早期使用者提供的店家資訊。 * 種子用戶募集： 吸引第一批熱愛分享美食的在地饕客與大學生社群加入，建立初步的內容貢獻動力。 * 店家合作： 與至少50家在地特色店家達成合作，提供初期獎勵用的優惠券。 🎯 中期目標 (Mid-term Goals)： * 成為權威平台： 成為新竹地區尋找美食的首選App，在Google搜尋「新竹美食」時，此App成為推薦結果之一。 * 生態系活化： 達成使用者穩定貢獻、店家積極參與、優惠券有效流動的正向循環。 * 數據驅動優化： 透過使用者數據分析，了解新竹美食的熱點與趨勢，並提供給合作店家作為經營參考。 🎯 長期目標 (Long-term Goals)： * 改變城市形象： 根本性地提升新竹在美食觀光領域的形象與能見度，吸引外地遊客專程前來進行美食深度旅遊。 * 促進在地經濟： 實質帶動巷弄店家的營收成長，幫助傳統餐飲業成功數位轉型。 🌱 對社會的影響 (Social Impact) 🌱 經濟層面： * 賦能在地小型商家： 為不擅長數位行銷的傳統老店提供一個簡單有效的曝光管道，降低數位落差，促進公平競爭。 * 刺激在地消費流動： 引導人流從大型商場或連鎖餐廳，走向城市中更深度的角落，活絡社區經濟。 * 提升觀光產值： 將「美食」打造成新竹繼「科技」、「文化」之後的第三張觀光名片，延長遊客的停留時間與消費金額。 🌱 文化層面： * 飲食文化傳承： 透過數位平台的力量，讓更多年輕一代認識並光顧即將被遺忘的老味道，間接促成在地飲食文化的保存與傳承。 * 重塑城市認同： 讓新竹市民對在地的美食文化更有自信與認同感，從「我們不是美食沙漠」轉變為「我們是巷弄美食天堂」。 🌱 社群層面： * 強化社群連結： 建立一個由市民共創、共享、共榮的在地美食社群。使用者每一次的資訊貢獻，都是在為自己居住的城市增添價值，形成一股正向的公民參與力量。 * 提升生活品質： 為在地居民提供更便利、更多元的美食選擇，豐富日常生活體驗，提升居住幸福感。",37,34
44,"銀齡才藝X育幼共學計畫","弱勢或育幼院孩子缺乏多元體驗機會，影響能力與品格養成。 銀髮族退休後雖具專長與熱情，卻因缺乏舞台或自信而難以踏出第一步。","✨【核心構想】 1️⃣ 免費「銀齡講師線上培力課」：任何長者只要有興趣、願意學習，都能參加，不以專業背景為門檻。 2️⃣ 半年一度講師/助教考試：內容以「實際操作＋品格引導」為主，讓學員清楚知道自己能逐步進步。 3️⃣ 助教實習：通過初階測驗者可至育幼院擔任義教助教，由院方老師協助班級經營與引導。 4️⃣ 通過院方與主教雙重評核者，可報考「主教考試」，於每月「回饋日」帶免費才藝課。 5️⃣ 通過主教考試後可於「老幼共學教室」開設低收費課程，轉化專長為兼職收入。 🌱【品格教育規範】 孩子報名課程如違反班規且不聽勸，限制一年內不得再報名，目的是讓老師能擁有有溫和管教權，孩子也因喜歡課程而成為更好的自己。 老師須通過「品格引導專業測驗」，能以正向方式協助有狀況孩子回到正軌。","✔ 銀髮族：重拾價值與收入，從學徒到老師的過程充滿成就感。 ✔ 弱勢兒童：獲得體驗與榜樣，從活動中培養品格與自信與能力。 ✔ 城市層面：新竹成為跨世代共學與善循",1,0
56,"『青』竹—讓新竹不再只是個冷冰冰的科技城","新竹在很多人印象中往往是一座充斥著高科技、高端技術菁英的地方，除了生活節奏快、工作氣氛緊繃外，房價還很高，導致那裡變成一個大家只是為了工作而短暫駐足的場所。 單單只有經濟繁榮而缺乏人文溫度，會使青年們對於這塊地沒有歸屬感，新竹也會變成一個只有上班時間營業而下班時間毫無人間煙火氣的空城","ㄧ、活化老空間 將東門市場、北門周邊老屋轉型為青年共創基地或推廣在地文化的創意工作室 二、夜間休閒推動 開發深夜文化地圖、鼓勵深夜咖啡廳、書店、星空電影院、音樂晚會的營運，並串聯成『夜遊新竹』的文化品牌 三、結合科技推廣在地文化 可以利用光雕、互動裝置，甚至是藝術家合作來展現城市的特色","一、讓新竹不只是工作的城市，而是年輕人願意「留下來生活」的地方 二、創造一個結合科技與文化、理性與感性共存的城市樣貌 三、培養青年參與城市治理的能力與歸屬感，讓青年成為城市改變的主力",1,0
53,"智慧乘車：長照交通服務升級方案","長照交通車目前仍以「實體票券」為主要使用方式，長照需求(使用)者需要主動申請每月8張的實體票券，對行動不便或獨居長輩來說，申請、領取與攜帶票券都造成額外負擔，甚至可能因遺失而影響日常就醫與生活需求。","數位化乘車：導入數位化乘車模式，每個月的交通額度由政府自動匯入系統，長照需求(使用)者不需親自申請或領取實體票券，個案搭車時由司機系統直接依里程自動扣款，個案僅需上車即可完成使用。","長照需求(使用)者不再受限於實體票，乘車更即時、使用更簡單；透過數位化交通服務，提升長照資源的可近性，並展現智慧照護城市的未來願景。",13,10
48,"綠地盎然新竹","都市開發過頭,新竹少有美麗的綠意景觀","規劃出綠地位置,供予給市民們種植樹木及認養","讓下一代能多加認識大地與植物",1,1
46,"新增上下班共乘當作其中一個交通方式","交通太擁擠了，尖峰時段很常塞車，導致有些員工會因此遲到，希望可以導入共乘來緩解!","想開發一個屬於新竹的共乘APP 1.導入科學園區，讓園區內員工進行共乘媒合 2.導入企業，可以減少碳排","利用一個節能減碳的方式來減緩交通堵塞",0,0
59,"無障礙通道健全方案","新竹交通量大，行人步道、騎樓常被佔用外，騎樓無障礙斜坡很不完全，輪椅、嬰兒推車常常被迫走在馬路上，行走安全堪憂。","加強路邊及騎樓違規停車取締、騎樓確實設立無障礙斜坡。","強化行人、輪椅、嬰兒車的用路安全",1,1
50,"增加風雨球場","**政策提案：增設風雨球場，打造學童友善城市** 新竹市為全台最年輕城市，擁有全國比例最高的學齡兒童人口。為因應孩子們旺盛的活動需求，本市急需更多全天候的運動空間。受氣候變遷影響，近年夏季高溫頻創新高，炎熱與突發性降雨使戶外活動大受限制，影響學童健康發展及體能訓練。 為此，建議市府優先於學校、公園及社區設立多功能風雨球場，作為兼具體育教學、社區運動及緊急避難用途的多元空間。此舉不僅改善運動環境，更體現新竹對兒童友善城市的承諾。透過公私協力與永續設計，我們能打造更健康、安全、具韌性的生活環境，為下一代創造更多可能。","盤點全市國中小、公園與市有土地空間，評估可興建風雨球場之位置。優先規劃學童人數高、運動場地不足的校區或人口密集社區。 增加綠能：引進太陽能板屋頂、綠建材與自然通風設計，降低碳足跡與建設成本。 經費部份：爭取中央教育部、體育署補助。也可引入企業CSR（企業社會責任）參與，共同認養設施。","打造「兒童友善、氣候韌性、全民共享」的運動環境。 藉由增設風雨球場，提供新竹市學童一個安全、全天候的運動與活動空間，促進健康發展；同時提升市民在極端氣候下的生活品質，強化社區凝聚力與城市永續性。",1,0
63,"希望多一點公車","公車不夠 .不夠方便","增加公車班次","大家都更為方便",1,0
73,"公車班次增加","希望公車的班次增加,才不用等那麼久的公車","增加公車班次","交通便利",2,1
76,"老人透過經驗教授年輕人職場缺口","年輕人的職場經驗不足 老年人退休沒事情做而迷失自我價值","新增一個平台使老年人和年輕人可以跨代交流","跨代交流",1,1
67,"「看病不用等：社區快診服務站」","新竹市人口密度高，醫療資源集中在大型醫院。 -許多民眾為了輕症（如感冒、皮膚炎、慢性病開藥）仍需前往醫院排隊。 -尖峰時段醫院人潮擁擠，候診時間動輒超過一小時。 -上班族、長者與行動不便者常因時間或交通不便延誤就醫。 -雖然新竹醫療水準高，但「可近性」不足，導致市民健康照護斷層。","設立「社區快診服務站」，整合醫療、科技與社區力量，讓看病變得即時又方便。 具體作法： 1.社區據點設置：與診所、藥局或里辦公室合作，設立小型快診站。 2.線上問診系統：導入視訊診療平台，醫師可遠端問診、開立慢性病處方。 3.整合健保功能：民眾只需插入健保卡即可掛號、領藥、付費。 4.智慧預約平台：提供APP與Line介面預約，減少等待時間。 5.志工協助機制：招募社區青年志工協助長者操作。","這項計畫希望打造「五分鐘就醫圈」，讓看病像買咖啡一樣方便。 -對市民：省時、省力、省錢，獲得即時照護與安心感。 -對醫療體系：分流輕症病患，提升醫療資源使用效率。 -對社區：促進世代共融，青年參與公共服務，形成健康共照文化。 -對城市：新竹成為全台智慧醫療與永續照護的示範城市。",40,39
71,"建立地下道污水處理，改善空氣","新竹市區經常聞到糞便的臭味，是不是要建立好地下污水處理管線","整體規劃，分段施工","改善新竹環境及空氣",1,1
77,"增設公託課後安親班 配合常日班上班族接送","國小國中放學時間與常日班下班時間搭不上 公托課後安親班少 只能花更多錢找私立安親班或請人接送放學","增設公託課後安親班","國中小下課時間跟常日班下班時間完全搭不上 雙薪只能送校外課後安親班或請人接送 或自假接送 增設公設課後安親班 對雙薪無後援比較友善",0,0
61,"夜間場所","新竹年輕人為全臺數一數二人數多的城市，需要更多安全夜間遊玩場所。","由政府與民眾請願，開放各式投資案、活動合作等等機會讓廠商進駐/年輕人創業","提供城市活力",2,1
79,"新竹市觀光巴士","週末例假日提供的免費觀光巴士提供遊客認識新竹，但路線範圍較小，且下午六點就結束，較不方便","路線若可以擴大範圍且巴士行使時間延長可吸引更多遊客","更多遊客到新竹觀光",2,2
62,"持續新增YouBike站點 但騎車的道路或動線卻相對不足","缺乏連續的自行車專用道 因自行車專用道多設於觀光或休閒路段，而新竹市中心像東門圓環、民生路、林森路一帶， 汽機車密集，缺乏連續的自行車專用道，騎Ubike常會覺得壓力很大，","除了觀光區外多增設自行車專用道用於日常通勤","Ubike 成為城市的一部分，除了交通方便，也是對環保及市民健康有好處的",4,4
75,"把人才留在新竹","新竹有很多年輕工程師與學生，我認為生活文化資源尚未跟上青年學子的步伐。","新竹市府可以設立 「青年創新基地＋藝文展演空間」，讓青年們可以方便接觸文化資源，也扣合新竹市政府的青年教育政策；同時補強租屋、交通與休閒設施，讓青年能在實現新竹「安居＋樂業」。","這樣不只留住人才，也能帶動城市多元發展，不會只是「工作城市」。像是暑假的營隊跟黑客松的活動都是一個促進人才聚集的活動，彼此切磋進步，互相激發出更完美的點子。",2,0
74,"二手市集推廣","1減少資源消耗與碳排放 2降低垃圾量 3促進永續發展","由政府新建網站或是經由社交版頁讓民眾上網報名來設攤","愛護地球減少資源消耗和環境污染，透過延長物品生命週期，減少對新產品的需求，進而降低碳排放、能源使用和垃圾量。 這種循環經濟模式有助於減緩快時尚產業造成的浪費，並鼓勵消費者實踐永續消費，為地球環境做出積極貢獻。",0,0
65,"希望多增加綠線和23公車班數","綠線和23公車 有學生上下學需要 30分鐘一班太久了 不方便","希望班次能增加 15分鐘一班","讓有需要的學生能多搭大眾運輸工具",2,0
68,"街道植栽多樣化","街道的草木及路樹過於單調。","日常養護街道花草，定期澆水施肥。","駕駛及行人在道路上就能欣賞美麗的風景。",0,0
64,"公車班次","竹東公車班次和站點太少了","增加公車站排或新增公車站","促進交通便利",0,0
72,"新竹火車站綠廊串聯計畫","新竹市的經濟產業發展，除科學園區從業人員外，當地居民並沒有真正受益其中","提高新竹科學園區經濟發展的外溢效應，一方面讓當地民眾可以有更多的休閒體驗及公園綠地，也促進除園區外的經濟發展","以新竹火車站為中心設置綠廊，串聯周邊現有的旅遊景點、百貨商城、公共設施、公園綠地等，讓休閒體驗活動有更多的可能及更加的豐富完整",1,0
80,"誰跟你美食沙漠！","2025新竹市必比登推介有8間入選，同時在網路上打著「新竹是美食沙漠」的標題，再找到在地美食作為推薦已經成為網路上的流量保證。 所以我們需要的是一個美食地圖app，將這些資訊整合起來給群眾，這次的整合可以發現我們不是只有麥當勞，而是有著許多令人垂涎三尺的美食。","開發一個在地美食地圖App讓大眾上去找到好吃的美食。","以新竹作為發起點，作為全台灣的示範縣市，逐步推展至全台灣的美食地圖App",4,1
70,"增加類似藍1區的公車","依現行情況新竹難以改輕軌或捷運，因此希望能以密集的公車班次取代","增加類似藍1區這種班次密集的公車線路","讓新竹人出行更加方便，減少私家汽機車使用量而減少塞車",1,0
66,"騎樓停車","常常走騎樓都是被停放摩托車，甚至無法通過必須走到馬路，家人坐輪椅行走馬路邊有時候真的很危險。","希望能夠勸導…","讓行走不便的能夠不用再走馬路邊…",1,1
69,"租屋補助多種選擇","希望能讓在外租屋的青年壓力減少一點","多種選擇和意見","大家一起努力",1,1
78,"人文藝術歷史旅遊助手","新竹最知名的就是科學園區。但其實仍然有許多人文、歷史、藝術、自然景觀等的景點與活動。但卻鮮少被發掘與推廣，希望可以更多人看到。","透過網頁或APP客製的規劃行程。","可以協助根據旅客興趣、新竹特點人潮、近期活動，規劃一日或數日的適合的新竹旅遊行程。更了解新竹，更能體驗新竹在地文化與歷史。",1,0
100,"住宅與租屋問題","新竹市因竹科需求，租金長期高漲，年輕人與外地來工作的人難以負擔；部分老舊社區缺乏安全與公共設施改善。","推動「青年住宅」或「安心租屋計畫」，由市府與民間合作釋出更多可負擔的租屋空間。 補助老舊公寓加裝電梯或改善公共設施，提高居住安全與品質。 建立官方租屋平台，提升租賃市場透明度","改善住宅問題",5,4
87,"進駐outlet 或者 增加親子友善環境","新竹生育率高，但親子可以去的地方很少。 朋友來新竹也不知道要去哪裡玩","進駐大型購物中心（強打親子友善）。或者有名的店家","增進新竹觀光朝",0,0
96,"綠化美化","全球暖化，氣溫越來越高","多一些小公園、圖書館之類的地方","可以乘涼避暑，放假有地方能去，又不用購物",0,0
83,"觀光連結＋區域通票制度","近年新竹觀光景點人數日漸減少","新竹有漁港、文化古蹟等觀光資源（例如新竹漁港） 。可以推出「新竹－桃竹苗地區旅遊通票」，結合交通、景點與在地商家折扣，吸引台灣本地與國際旅客。比如跟桃園機場、大眾運輸做銜接，從機場／車站直達新竹，旅客進來後透過通票搭車與入場優惠。","大幅增加其他縣市來新竹的意願，創造觀光人潮",2,1
90,"水溝疏通","經過水溝蓋就會有一陣異味 感覺新竹是什麼鄉下地方一樣","希望市政府侷促能督促鄰里鄰里長定期清與潔地下道水溝 可以提供一些補助或獎勵，類似學校的清潔比賽","讓我們有個乾淨又芬芳的城市 而且平常清理水溝，現在這個氣象變異的地球，常常都會有暴雨，也可以避免淹水",2,0
91,"希望可以增設電動車充電樁","為推廣減少廢氣往電動車邁進，希望可以多多增設電動車充電樁","建議與加油站以及一些閒置停車場合作，增設電動車充電樁","對環境友善也讓等紅燈的上班族身體更健康",0,0
97,"新竹車站","新竹車站的改建已經停擺多年，別說台中車站，就連苗栗車站都已經改建完成好久了...","經費允許的話，能地下化或高架化當然很好，但若不行，跨佔式月台串連週邊商場也是一個很好的想法，在日本也有非常多類似的例子 ... 重點是不要再朝令夕改了 ...","重構車站商圈，讓二十年後的新竹人能像台中對自己的火車站感到驕傲",0,0
82,"綠能晶片園區補貼 + 排放優惠","新竹市周邊有很多高科技／半導體產業，這些廠商用電、用水、排放都比較密集。","可以設置「綠能園區補貼條款」：對於使用再生能源（如屋頂太陽能、地熱、風能）的廠商給予稅收減免或補助；同時對超過標準污染排放的企業罰款或促其改善設備。","促進產業轉型、降低城市碳足跡。",1,0
86,"增設親子友善廁所","新竹市號稱兒童友善城市，但多數景點的親子友善廁所數量不僅稀少，且大部分廁所內環境都非常髒亂，對於親子出遊尤其是學齡前兒童的父母，非常不便。","希望能多設置親子友善廁所，且應能符合一般親子共同使用時之需求，故對於廁所內部的動線、空間及清潔應確實做好相關規劃及管理。","增設親子友善廁所不僅實際解決親子的民生需求，且相信也能落實提升本市兒童友善城市之稱號",1,1
95,"公共運輸","新竹公共交通不便利，出門規劃不方便","多增設公車站點、或者建立捷運等","希望能讓在這裡的無論是遊客或者是居民的生活能更方便",2,2
84,"車站地下道很臭","我搭火車來新竹玩，一出站看到地下道簡直嚇壞了，有尿燒味又臭地上還很髒亂，讓人待不下去，沒有想到一個科技大城的門面，怎麼會是這種第一印象？上次搭高鐵都還好好的","請清潔工加強巡邏清掃","希望那些遊民可以經過政府的輔導 回歸正軌",6,4
94,"GymWhere — 智慧觀光健身平台","解決健身房資訊不透明、短期使用不便的問題。","用我們平台","量化效益: o 健身房營收提升:預估 3,000+ 使用者參與,且與 5 間以上場館合 作。合作場館日票收入平均成長 20%+(填補非尖峰時段閒置資 源),高峰時段人潮分流率降低 15%。可累積 10 萬筆以上人潮與 使用數據。 o 觀光經濟帶動:帶動週邊餐飲/健康餐盒/交通消費,每年額外創造 百萬級消費額。 o 數據資產累積:一年內可收集 >10 萬筆健身人潮/使用數據,成為 新竹市智慧城市數據資源之一。 • 非量化效益: o ESG / 健康永續:推廣「低碳健康旅遊」,將新竹打造成結合運動、 觀光、永續的示範城市。也讓旅遊便利性與健康體驗增強。 o 在地產業連結:不只健身房,還能串聯健康餐飲、運動用品、旅 館業,形成智慧健康產業鏈。 o 數位轉型推動:幫助傳統健身房導入數據化管理,符合「智慧城 市」推動重點。 o 健康社群凝聚:透過交友與健身夥伴配對功能,建立在地與旅客 共同參與的智慧健康社群,增加使用黏著度與口碑擴散。 o 國際能見度:吸引數位遊牧族、跨國出差人士,讓新竹在國際旅 遊市場上展現 「Smart & Healthy City」 形象。更提升新竹市作為 「智慧健康城市」的品牌形象。",1,0
98,"交通方式增加","每次去新竹都開車，不知道有什麼其他方式，路上好像滿滿都汽車","大眾運輸要更普及","讓不會開車騎車的人也能安心出門，平安回家",0,0
93,"希望能有租屋補貼","租金真的很貴","希望能補貼一點，不然壓力很大","建造更宜居的環境",0,0
85,"AII(Agriculture Income Intelligence) 建造農業專家智慧平台,達成本縣農產自給率提升","數據顯示,本縣的高端作物有雖有小幅上升,但其餘的農產大部分都仰賴其他縣市,希望藉由新技術來達成農業與科技的平衡","1.AI 驅動的精準農業 (AI-Powered Precision Agriculture) 2.機器人與自動化 3.區塊鏈供應鏈追蹤 4.再生農業與微生物解決方案","1.自給率的提升 2.農業與科技能漸趨平衡 3.創造下個特色農產業",2,0
89,"增加公車班次","高鐵到火車站的班次太少","希望可以多增加這條路線的班次，尤其連假","讓學生都能順利到火車站＆高鐵站",1,0
99,"尖峰時段大塞車！跟進日本成為公共交通運輸大師","作為在新竹學習與工作的一份子，日復一日的通勤塞車讓人苦不堪言。特別是尖峰時段，人流皆往同一區擠（新竹科學園區、清交校區等），下班時段，往竹北、竹東的交通也卡到爆炸。對於疲於工作學習的上班族與學生來說，能順利迅速的回家，是年年的一大奢求。","如台北、東京等都市，為紓解人流與提倡環保，皆倡導多使用大眾運輸，然而新竹僅有公車進駐，對於馬路塞車來說，無法有效緩解問題，反而常因公車體積大，而造成塞車情形加劇。建議市府推動建設新竹捷運，增設科學園區、台元生技園區、清交校區等通勤地點；以及六家、竹北、關新等住戶較多的地點。","緩解交通大塞車，並且新竹捷運的吉祥物可以是竹節蟲，因為竹捷。",1,0
88,"青年活力共創美好","希望可以有多元青年學習課程，接軌職涯規劃。","提供多元學習課程，讓青年發展技能學習。","銜接就業市場，降低失業率。",1,0
81,"政策鼓勵大家通勤多走興隆大橋","政策鼓勵大家通勤多走興隆大橋，並想辦法減緩經國大橋的車流量，不然汽機車在塞車時段實在太危險。","立交通告示牌及設置廣告，推廣興隆大橋的便利性。","讓市民通勤時能有更安全的環境，增加道路流暢性。",0,0
92,"Tpass增加串連北桃竹","原本只有桃竹竹或基北北桃對於需要長期新竹到台北通勤的人很不方便","多增加北桃竹的票種","增加通勤民眾的福利，且也能讓北桃民眾放假也能用tpass 來新竹好地方旅遊",1,0
110,"增設交通號誌","某些車流多的地方卻沒有交通號誌","增設紅綠燈","減少車禍",0,0
104,"解決新竹高中生交通問題","大新竹地區高中生通勤不便，塞車問題也十分嚴重，常常通勤轉車時間佔掉了很多本可以用功讀書的時間，且高中生不具有考駕照與擁有自己的交通工具的權利，學校下課時間與家長的也十分錯開，在學校乾等十分浪費時間。身為被新竹交通也危害過的學生，我希望政府可以有方案可以解決高中生通勤的問題。","我認為可以開通每個學校到公眾交通樞紐（如新竹火車站、新竹高鐵站）等等的學校到車站等等接駁車，讓學生可以不會因為擠不上公車而感到困擾，更可以減少較偏遠地區高中搭大眾交通運輸不變的問題。","希望學生可以不因為需要自己通勤回家或到補習班而每天浪費數個小時在等待以及待在公車或交通工具上，不會因為家長沒時間就被限制在學校，可以把這些需求一起解決並把讓他們有可以方便到火車站等交通更方便的地方的選擇。",6,4
111,"公共運輸（公車／路網覆蓋）不足","- 新竹市有超過六成地區無公車服務，尤其是人口密集但未被納入路網的地區。 - 某些公車路線尖峰時段班次不足、過於擠擁。 - 公車站點設計不符合乘客需求／轉乘不便。 運輸不方便會迫使人們使用機車或汽車，導致交通壅塞、空污、通勤成本高。也影響年輕人或沒有交通工具者的行動自由","1. AI 動態路線排程系統 ·利用大數據（Google Maps、通勤熱點、上下車紀錄）預測人流。 ·公車可於非尖峰時段改變行駛路線，依照即時需求優化班次。 ·減少「空車跑」與浪費油耗。 2.微公車（Mini Bus）＋ 社區接駁 ·增設 9 人座「社區巡迴小巴」連接無公車區域與主要幹道／火車站。 ·搭配 LINE BOT 預約功能，彈性派車。 3.公車即時資訊整合 App（或 LINE Bot） ·整合新竹市區公車、客運與火車時刻表。 ·提供轉乘建議與「人流預警」。 4.市民共創平台 ·開放市民提案「新增公車站點」或「班次時段建議」，政府評估後回覆進度。 ·增進民眾參與與政策透明度。","願望目標（Goals） 🚏 提升公共運輸覆蓋率 新竹市 2 年內公車可達性區域由 40% 提升70% ⏱ 降低通勤時間 上下班平均通勤時間縮短 20% 💬 提升市民滿意度 公共運輸滿意度調查由 60 分提升至 80 分 🌱 綠色永續 每年減少約 15% 的私人機車通勤使用量 對社會的影響（Social Impact） 1.減少交通壅塞與碳排放 → 更多人願意使用大眾運輸，緩解尖峰時段車流與空氣污染。 2.提升生活便利性與公平性 → 弱勢族群（老人、學生、無交通工具者）可更方便地進出市區與醫療機構。 3.促進智慧城市發展 → 利用 AI 與數據治理讓政府更精準配置資源，成為全台智慧交通示範城市。 4.增強市民對政府的信任與參與感 → 透過共創平台，民眾能「看見」自己的建議被採納，促進公民參與。",3,2
109,"「竹」夢夜之城：點亮青年活力不夜城計畫 🌃","白天，我們是燃燒青春的工程師、設計師、夢想家，為這座風城注入源源不絕的創新動能。但當夜幕低垂，城市的活力彷彿也跟著下班了。 新竹，擁有全台灣最年輕、最高所得的人口結構，卻缺少與之匹配的夜間風景。當我們結束一天的辛勤工作，想找個地方釋放壓力、交流靈感、或僅僅是享受青春時，卻發現選擇單一且貧乏。酒吧、KTV之外，我們渴望更多元的可能。 缺乏安全、多元、富含創意的夜間休閒場所，不僅讓百萬年薪的壓力無處安放，更限縮了這座偉大城市的文化厚度與經濟潛能。這座充滿創新能量的城市，夜晚，真的只能這樣嗎？🤔","我們提出 「夜光方舟」計畫 (Project Nightlight Ark)，一個由下而上、公私協力的城市再造行動。我們不只是要蓋幾間店，而是要打造一個生生不息的「夜間生態系」。 🤝 公私協力，築巢引鳳： 由市政府盤點閒置或低度利用的公共空間（如：舊市場、廢棄營區、天橋下空間），建立「夜間經濟示範區」。透過法規鬆綁與租稅優惠，公開招標，吸引國內外知名廠商與文創團隊進駐，打造複合式文創園區、Live House、深夜咖啡館與主題市集。 💡 青年培力，點燃創意： 成立「夜貓子青年創業基金」，提供低利貸款與創業輔導，鼓勵新竹青年開創屬於自己的夜間事業。無論是深夜食堂、獨立書店、桌遊吧、還是密室逃脫，讓最新潮、最酷的想法在新竹的夜晚發光發熱！ 🎉 活動串連，共創回憶： 市府與民間合作，定期舉辦如「新竹深夜藝術節」、「星空下的不插電音樂會」、「午夜城市定向越野」等主題活動，連結在地商家、藝術家與學生社團，讓精彩的活動遍地開花，將人流引導至城市的各個角落，創造屬於新竹的共同記憶。","我們的願望，是讓新竹的夜晚，從沉睡中甦醒。 對青年而言 🌙： 這不僅是提供「玩樂」的去處，更是安放青春、交流創意、實踐夢想的基地。一個安全、豐富的夜晚，能承接住白天所有的壓力與疲憊，讓年輕人真正地「愛上」在新竹的生活，而不僅是「待在」新竹工作。 對城市而言 🏙️： 一個活絡的夜間經濟，將創造可觀的就業機會與消費產值。它會像一塊磁鐵，吸引周邊縣市的觀光人潮，讓「科技城」的硬實力標籤外，再添上「文化不夜城」的迷人軟實力風采，提升城市的整體品牌價值。 對社會而言 💖： 一個懂得擁抱夜晚的城市，代表著它的包容、開放與自信。這將是一個讓年輕人願意留下、深耕、成家立業的城市，實現真正的人才永續。當年輕人的歸屬感提升，社區的凝聚力也將隨之增強，形成一個正向循環的活力社會。",1,0
107,"智慧新竹一站式城市資訊 App","新竹市擁有豐富的藝文活動、社區新聞與特色景點。然而，目前居民獲取這些資訊的管道相對分散。例如，想知道最新的市政活動，可能需要上新竹市政府網站；想了解社區大小事，可能要追蹤特定社群媒體帳號；想找週末約會或親子出遊地點，又得花時間在各大旅遊網站或部落格搜尋。 資訊落差不僅耗費居民時間，也可能導致許多精彩的活動或重要資訊被錯過，無法有效地連結在地資源，降低了居民對城市生活的參與感與便利性。","我許願新竹市政府能開發一個專為新竹居民設計的整合性手機 App。 這個 App 可以包含以下核心功能： 活動行事曆： 即時更新新竹市內最新的文化、藝術、體育、親子等各類活動資訊，並可依據使用者偏好（如：親子、藝文、戶外）進行篩選，還能將活動加入個人行事曆中。 新竹在地新聞： 整合新竹市政府發布的最新消息、重要公告，以及與居民生活息息相關的在地新聞，讓居民能快速掌握城市脈動。 推薦去處： 根據不同使用者身份，提供個性化的週末推薦行程。這些推薦可以包含熱門景點、隱藏版秘境、特色餐廳或咖啡廳，甚至能與 App 內的活動資訊結合，串聯成完整的遊玩路線。 在地商家與社區服務： 未來可以進一步擴充，納入在地商家的優惠資訊或社區服務資訊，如里民活動、志工招募等，深化居民與社區的連結。","這個「智慧新竹生活圈 App」的願望目標，是希望透過科技的力量，將本身九以科技為名的新竹市發揚光大，各種資源、資訊與居民的生活緊密連結，讓新竹成為一個更便利、更具活力的宜居城市。 對社會的影響 提升生活便利性： 居民可以告別繁瑣的資訊搜尋，在一站式平台中輕鬆找到所需的資訊。 增強城市參與感與認同感： 當居民能更便利地了解並參與城市中的大小活動，他們對新竹的認同感與歸屬感也會隨之提升，從而吸引更多人才與家庭來新竹定居。 促進在地經濟發展： 透過推薦在地商家與活動，能有效地為新竹的在地商家和觀光產業帶來人潮。 建立智慧城市品牌形象： 開發這類智慧化 App，將有助於新竹市建立起科技與人文兼具的智慧城市品牌形象，吸引更多高科技人才在此工作與生活。",2,0
102,"高薪也追不上的房價","高房價不僅影響生活品質，也衍生出其他問題，例如員工為尋求較低房價而愈住愈遠，拉長了通勤時間，反過來也加重了交通的負擔","增加多元化的房屋供給，比如社會住宅與青年住宅，在鄰近科學園區或交通便利的公有土地上，規劃大規模、高品質的「只租不售」社會住宅。","鎖定族群不僅限於弱勢，更應涵蓋廣大的園區就業青年與年輕家庭，讓他們在累積資本的階段有穩定且可負擔的居所",0,0
101,"舒緩通勤時間寶山路及光復路的車流","身為在新竹讀書得學生，每次一到上下班或上下學的時間，光復路和寶山路一定會塞得水洩不通。","學習其他縣市設置捷運或是輕軌，TPASS範圍跨至新竹。","舒緩通勤時間寶山路及光復路的車流，除了能有效減緩大家的通勤時間，還能減少事故的發生機率，因為每次車陣中一定會有機車到處鑽來鑽去很危險。",0,0
119,"清大門口的清大夜市管理與規劃","我大學是在清華唸書的，當大學生的時候常常去清華夜市吃東西，那附近的東西也蠻多可以買的。可能那邊的房子設計跟規格已經都很時間了。所以感覺蠻雜亂。 如果可以弄一棟像是台北南門市場那樣的環境會超級棒的！","不知道可不可以在清大門口附近規劃一個區域，讓學生下課後可以在校外走走吃東西，然後又不會覺得是很擁擠雜亂的地方？ 算是夜市跟商圈的管理。如果能做的像是台北 國父紀念館站旁邊那樣的南門市場中心，感覺會很不錯。","環境乾淨的商圈，方便人走走逛逛吃東西。清華交大跟畢業校友的消費力絕對是夠的。因為有時候買東西根本不想跑市區。學生就想在附近解決就好。",0,0
113,"SafePath 新竹學區安全地圖","新竹多數學校周邊路段人行道破碎、違停嚴重、斑馬線視線不良，家長與學生上學路線普遍感到不安全。","建立「SafePath」平台：整合民眾回報熱點 + 政府交通事故開放資料 + CCTV 違停統計。 自動生成學區安全地圖，標示「紅色危險區」與「綠色安全路線」。 提供「AI 路線建議」給家長與學生規劃安全上學路徑。","以學校為試點 比較改善前後「通報件數」「交通事故紀錄」「使用者滿意度」",1,0
112,"地方創生 - 文化探索平台","台灣擁有豐富的文化資產與地方故事，但對外國旅客而言，這些文化價值往往難以被深入體驗。根據我們針對外國旅客及在台外籍學生的問卷調查顯示，約有 80% 的受訪者表示希望深入了解景點背後的故事與歷史，希望旅遊不只是拍照打卡，而能透過故事的方式認識地方文化、獲得更深層的體驗。 然而，目前市面上的數位導覽與實境解謎產品多以繁體中文與高難度謎題為主，設計對象偏向台灣本地玩家。對外國旅客而言，這樣的語言與理解門檻使他們難以真正投入探索過程。","希望開發一款結合故事與任務挑戰的遊戲化文化探索平台。 使用者可透過手機，在行旅中解鎖地點任務、聆聽故事，輕鬆體驗在地文化。 平台支援多語言介面，並結合附近商家資訊，讓文化探索與地方經濟互相連結。 我們希望以科技重新定義旅遊體驗，讓「玩」成為認識文化的新方式。","一、文化與教育層面 • 讓外國旅客在任務與解謎中認識在地文化。 • 可應用於學校戶外教學、文化課程或地方導覽，提升學生的學習動機。 二、地方與社會層面 • 透過任務導流和推薦，增加商家曝光度與來客量，活化地方經濟。 • 可協助地方單位減少導覽人力的負擔，讓遊客能透過平台自行探索、導覽與互動，降低人工導覽成本。 三、科技與創新層面 • 建立可擴充的平台架構，未來可開放讓任何人上架故事與關卡。 • 以資料分析了解旅客行為，優化遊戲體驗與地點設計。",1,0
106,"讓健康不再是恐懼：打造新竹安心健檢城市","雖然政府每年提供多項健康檢查與補助方案，但仍有相當比例的市民不願意或害怕進行健康檢查。 造成這種情況的原因，可能包括： 1.對檢查結果的恐懼與心理壓力 2.對健檢項目與流程的不了解 3.擔心費用負擔 4.缺乏主動關心健康的習慣 這樣的現象導致許多人錯失早期發現疾病與預防的機會。 因此，如何提升新竹市民的健康檢查意願與參與率，並建立健康檢查的正向觀念，成為城市健康政策中的重要課題。","1. 推廣「安心健檢教育」：讓民眾了解檢查流程、意義與常見迷思，減少心理恐懼。 2. 提供「健康補助方案」：讓青年族群也能定期健檢，沒有經濟壓力。 3. 結合社區與醫療院所——舉辦「行動健檢日」或「健康安心講座」，讓健康更貼近生活。","提升新竹市民對健康檢查的正面態度與參與率，打造一個「人人關心健康」的社會氛圍，推動整體城市邁向更永續、健康的未來。",0,1
114,"幸福友善工程師：從邏輯到戀愛，幫你成功脫單！","在科技業中，許多工程師理性、專業、可靠，但在人際互動與情感表達上較不擅長，困擾如下： 1不知道怎麼開始對話、怕講錯話 2不懂女生對方什麼，對曖昧訊號不敏感 3想脫單卻缺乏練習與機會 結果是優質的人默默單身，幸福感低落，甚至影響工作動力與心理健康","由市政府與公司福委會合作推動【幸福友善工程師脫單計畫】，讓戀愛情感教育走進科技職場 做法： 1. 戀愛溝通講座進公司 主題如「理性腦的戀愛練習」、「第一次約會怎麼聊」、「看懂情緒訊號」。 2. AI模擬互動練習系統 模擬真實聊天場景，提供語言建議與情緒回饋，幫助練習對話。 3. 幸福社交活動 結合城市活動、共學課程或興趣配對，讓工程師自然認識異性。 4. 幸福友善企業認證 鼓勵企業支持員工人際與情感發展，打造幸福科技職場文化。","🌸 願望目標： 讓工程師學會自在互動、表達真誠，建立有溫度的人際與戀愛關係，順利脫單！ 🌍 社會影響： 提升工程師人際與溝通能力 降低孤單與社交焦慮，促進心理健康 打造新竹「幸福科技城」品牌，結合產業與幸福力 讓科技人才更快樂、更有歸屬感，深耕於新竹🤩",25,25
115,"樹木多多益善","新竹樹木稀少","可以考慮建立類似大安森林公園之類的地方","辦理活動或平日休閒都很好用",1,1
105,"夜間新竹巷弄照明","新竹許多發展較久的地區有不少少巷子，每到晚上巷子時常看起來十分陰暗，若夜深街道上人比較少的時候時常會覺得有點毛毛的會擔心自己的安全問題。","在沒有路燈晚上較暗的巷子裡安裝小型照明，或感應式led燈照明，不浪費太多電但還是能保持巷弄在有人經過時可以有照明","照亮夜歸人的回家路，給他們可以安全回家的安心",6,5
117,"新竹市區大眾運輸全免永續減碳","新竹市交通壅塞問題日益嚴重，市區汽機車使用率高，導致碳排放與空氣污染問題加劇。許多市民因為車資考量、班次不便或轉乘不易，而不願使用大眾運輸系統，形成惡性循環。雖然市區公車路網已逐漸完善，但整體搭乘率仍偏低，難以發揮減碳與節能的最大效益。","建議推動「新竹市區大眾運輸全免政策」，提供免費市區公車與短程接駁，搭配智慧交通App整合公車定位、時刻查詢與轉乘資訊。可結合電子票證刷卡統計使用頻率，並以市府補助及企業CSR合作方式共同分攤成本。此舉不僅可降低民眾出行成本，也能有效誘導開車族轉乘公共運具。","期望透過市區大眾運輸免費化，鼓勵全民綠色出行，減少汽機車碳排放與交通壅塞，達成節能減碳、空氣品質改善與城市永續發展的目標。同時也能促進弱勢族群、學生與長者的行動平權，打造更加友善、包容與永續的「智慧新竹、低碳城市」。",4,4
108,"新竹捷運夢","新竹市是台灣高科技產業的核心，匯聚了大量的科技人才與就業機會。然而，這也帶來了嚴重的交通問題。大多數居民和通勤族依賴私家車作為主要的交通工具，導致每天的尖峰時段，尤其是通往竹科的主要幹道，如光復路、園區二路等，都面臨嚴重的交通壅塞。 這種嚴重的塞車不造成大量的燃油消耗與碳排放，對環境造成負擔。目前的公車系統雖然有努力，但在載運量與班次密集度上，仍無法滿足龐大的通勤需求，解決方案顯得緩不濟急。","我許願新竹市能積極規劃並興建專屬的捷運系統。這個捷運系統的路線設計應以解決通勤需求為核心，將市區、新竹高鐵站與新竹科學園區串聯起來，形成一個高效的公共運輸網絡。","這個「新竹捷運夢」的最終目標，是建立一個永續且高效的交通系統，為新竹居民帶來更好的生活品質。 其對社會的影響 緩解交通壅塞： 捷運系統的高運量與準時性，能有效縮短通勤時間，讓交通更為順暢。 降低碳排放： 鼓勵更多人搭乘大眾運輸，減少私家車的使用，直接降低燃油消耗與廢氣排放，響應節能減碳的環保目標。 提升城市競爭力： 完善的捷運系統能提升城市的生活機能與宜居性，讓新竹成為更具國際競爭力的科技城市。 帶動周邊發展： 捷運站周邊將形成新的商業與住宅聚落，帶動土地開發與經濟活動，促進城市的均衡發展。",1,1
118,"容積移轉之接管地佔用處理機制強化方案","公共設施用地及都市計畫區辦理接管作業時，常發生土地遭佔用情形，影響後續開發與公共設施使用。為有效排除佔用並減少執行阻力，接管單位會依法通知佔有人限期搬遷，逾期不撤除者得報請主管機關協助強制排除。","建議市府成立「土地接管協調平台」，整合地政、都發、民政及警察等單位共同辦理，以統一作業程序並縮短處理時程。同時，針對弱勢或長期使用者，宜建立合理之補償及輔導機制，兼顧人道關懷與行政效率。另應明確訂定接管期限與權責分工，並導入資訊公開機制，以提升行政透明度與公信力。透過制度面與執行面的同步強化，將可有效排除佔用，促進土地接管順利及都市建設推動。","新竹市地價高昂、土地取得不易，公共設施用地及都市計畫區在辦理接管時，若遭佔用，將嚴重影響都市發展與公共建設進度。為提高行政效能並兼顧社會安定，建議市府除依法執行佔用排除外，應同步建立「土地接管協調平台」，整合地政、都發、民政及警察單位資源，以統一程序、縮短作業時程。同時，針對合法使用或弱勢住戶，可結合容積移轉制度，提供合理補償或移轉誘因，讓地主或開發者在釋地後仍能保有部分開發利益，提升配合意願。",1,1
120,"上班太忙了 沒時間丟垃圾","上班太忙, 特別有時候需要加班, 根本沒辦法配合垃圾車的時間, 很常家裡都會堆積垃圾, 而且禮拜天也沒有垃圾車","希望可以有彈性一點的方案給民眾丟棄垃圾, 而非固定制垃圾車","想要隨時隨地都可以解決丟垃圾的問題",1,1
103,"外國客不多","之前去北埔老街，感覺就是賣吃的地方","老街要有特色，例如建築、地理環境、歷史文化","能吸引外地人前來，又不會走馬看花",0,0
139,"提升新竹市帶狀疱疹疫苗補助，比肩鄰近縣市，守護市民健康","帶狀疱疹（俗稱皮蛇）是由水痘—帶狀疱疹病毒再活化引起的疾病，主要發生於年長者或免疫功能低下者。此病會造成劇烈神經痛，部分患者即使痊癒仍會留下持續數月甚至數年的「帶狀疱疹後神經痛」，嚴重影響生活品質。 目前新竹市提供 50 歲以上市民一次性 2,000 元 的帶狀疱疹疫苗補助。然而，市面上保護力較高的 非活性疫苗（如 Shingrix） 單劑費用約 8,000～9,000 元，需施打兩劑，總費用約 16,000～18,000 元。 與鄰近縣市相比，新竹市補助金額明顯偏低： 竹北市：50 歲以上市民補助 3,800 元（低收入戶最高 4,800 元） 桃園市：50 歲以上市民有條件提供 1 劑免費（價值約 8,500 元） 補助金額的落差使得多數市民仍需自費超過一萬四千元，對中產及弱勢族群而言負擔沈重。這導致部分市民即便了解疫苗效益，仍選擇不施打，錯失預防重症與神經痛的機會。長期而言，未接種者若罹病，將需更多門診、鎮痛及照護支出，增加醫療與家庭照護負擔。","建議新竹市政府比照鄰近縣市，大幅調高帶狀疱疹疫苗補助金額，以實際行動減輕市民負擔、提升接種意願，並兼顧公平性。 具體建議方案 方案一：提高定額補助 將 50 歲以上市民帶狀疱疹疫苗補助金額，從 2,000 元提升至 3,800 元，與竹北市同等。 方案二：比照桃園模式，採高額補助或部分免費制 依疫苗實際價格，建議提高補助至單劑費用的約 50%，即 4,000～5,000 元。 可分階段實施，如： 第一劑提供高額補助或免費接種。 對中低收入戶或弱勢族群提供全額補助。 此舉能顧及普遍性與公平性，並以具體措施支持健康老齡化政策方向。","願望目標 期望透過提高帶狀疱疹疫苗補助，使新竹市 50 歲以上族群能夠以合理成本完成接種，減少因疾病造成的疼痛與生活困擾。補助政策的核心願景是「讓預防變得可負擔」，使健康老化不只是口號，而是實際可行的市政行動。 此提案希望市府能從「疾病後端醫療」轉向「前端預防投資」，讓更多長者在晚年維持行動力與生活品質。同時藉由強化預防醫學措施，減少長期神經痛、慢性疼痛治療等醫療開銷，達到「減痛、省支、促健」三重效益。 對社會的影響 個人層面：降低感染與神經痛風險，提升生活自主與心理健康。 醫療經濟層面：減少門診與慢性疼痛照護成本，降低健保與市政醫療支出。 公共健康層面：強化市民對「主動預防」的信任與行動力，培養健康責任文化。 社會公平層面：對弱勢族群提供高額補助，有助縮小健康落差，體現市府的照顧精神。",2,2
122,"東門市場再造","我很喜歡東門市場的美食，但市場的環境太髒亂，害我都不敢待太久。除此之外我覺得東門市場很可惜，明明是一個很大的地方卻都沒什麼人流還有點恐怖。","我其實滿希望政府可以重新規劃出一個空間讓東門市場可以吸引人流，或是也更多攤販進駐讓東門市場成為熱門景點。","我希望東門市場成為一個不只本地人也愛去的地方，也還能成為讓外縣市的人也想去的景點。 讓新竹不再成為一個只有巨城出名的縣市。",0,0
137,"新竹通加上公車上下車按鈕","在公車上要下車的時候，下車鈴總是在很遙遠的地方，或是被黏在桿子上的人擋住，車上又很擠，導致很難按到下車鈴。","在新竹通上新增上下車鈴按鈕","可以讓公車上下車變得方便",0,1
133,"多在公園設立遊樂設施","新竹可對於極限運動板類運動多加重視","在公園設立滑板場和道路上增加滑板車自行車道","增加板類愛好者和道路安全",0,0
135,"斑馬線太少","新竹路口的斑馬線太少，行人造成過馬路不便，要過個馬路要走好遠好遠才有斑馬線。","增加斑馬線量","用路人更方便",0,0
129,"路面菸蒂垃圾過多","東區很多清大附近的巷子路面雜亂，下雨水溝容易爆滿","定期派人清潔","讓下雨時不會再淹水",0,0
132,"增設公車專用道","新竹的交通真的很脆弱，只要有車禍就是開始塞整條路，下雨天也是塞到不要不要的","建立公車專用道及Brt系統，培養民眾搭乘公車的意願及多班次的運輸，來改善交通塞車的現象","減少塞車對新竹人上班以及出遊的影響",0,0
134,"大眾運輸","大眾運輸還是不太方便","增加公車路線以及班次","希望可以讓大家外出方便一些",1,1
131,"智慧決策與開放資料","目前市政資訊雖然逐步數位化，但仍存在以下問題： • 各局處的資料分散於不同平台，市民難以快速查找或理解城市運作狀況。 • 政府決策過程缺乏數據透明與民眾參與，導致市民對公共政策的信任感不足。 • 市民回報、意見調查或陳情資料未被系統化分析，無法有效反映民生痛點。 因此，缺乏一個整合資料、開放共享、並能輔助決策的智慧治理機制。","建立「市民儀表板」與「開放資料決策平台」： • 整合交通、環境、建設進度等城市運作數據，公開於視覺化平台。 • 利用 AI 分析市民意見與回報資料，協助政府精準判斷優先議題。 • 推動開放資料 API，鼓勵新創團隊運用資料開發便民服務。 • 讓政府決策更透明、市民參與更容易，打造「資料共用、智慧共創」的新竹。","希望透過智慧決策與開放資料的推動，讓城市治理從「資訊提供」進化為「資料共創」。 當政府能公開透明地分享城市數據，市民就能更了解公共政策的脈絡，也能主動參與討論與創新。 這不僅提升政府決策效率與準確度，也能培養市民的數據素養，促進民間與新創團隊開發更多便利生活的應用。 長遠來看，新竹將成為一個更透明、開放、互信的智慧城市典範， 讓「資料共享」成為推動公民參與與社會創新的基礎。",1,0
140,"新竹雷店指南針","新竹外面來工作的人口多，初來乍到這個城市，容易在不清楚店家生態的情況下踩雷，美食沙漠應該也是多次踩雷遇到的情況。我之前修機車也是踩雷多次，容易被坑。","有沒有一個平台搜集了各種新竹食衣住行資訊，然後會有一些評分比較低的雷店，雷店不只是要直接拿 google map 評論，要篩選掉像是洗評分洗出來的，也要從 fb 或者 dcard 上面搜集相關資訊。","留下優良店家，讓大家知道新竹其實有很多特色店家或者好吃的食物",0,1
123,"新竹市「共乘智匯」與「通勤效率提升」專案","主題 : 新竹科學園區通勤交通效率低落 現況 : 新竹市具備高科技產業優勢，但大量通勤車流集中於特定時段（尖峰時段），造成主要幹道（如光復路）嚴重壅塞。傳統的交通建設（如道路拓寬、大型公共運輸規劃）耗時長、無法即時舒緩現狀。 挑戰 : 目前多數車輛為單人乘載，道路資源被低效利用。現有共乘機制因誘因不足、媒合效率差，難以吸引民眾和駕駛參與，導致擁塞問題持續惡化。","本案核心在於建立一個「AI驅動、公私協力」的共乘生態系，將閒置的車輛座位轉化為城市交通運能。 1. 數據驅動的綠色通勤 AI智慧媒合平台： 開發專注於「竹科生活圈」的共乘 App 或 Line Bot。平台利用 AI 大數據（時間、地理位置、公司別）進行高效率、低繞路的路線匹配，將單人通勤模式轉化為多人共乘。 預期效益： 透過數據優化，大幅提升共乘的準點率和效率，讓共乘比單獨開車更具時間優勢。 2. 專屬公私協力模式（解決執行阻力） 鎖定穩定供給端（A項優化）： 繞過一般 Uber 司機的意願問題，由市府與園區大廠牽線，直接與既有的園區接送車隊或大型企業交通車合作，將其閒置座位或回程空車釋出，確保運能穩定。 補貼與獎勵： 平台不只媒合，更由市府與園區企業共同出資，提供穩定且具吸引力的獎勵金予共乘駕駛，解決其時間成本顧慮。","本提案旨在為新竹市建立一套「節省時間、節省資源、數據回饋」的永續通勤模式。 1. 提升通勤時間效率（核心獎勵） 「共乘專屬車道」倡議（B項優化）： 市府向中央或在主要幹道（如光復路）試辦「高乘載專用道」（HOV Lane），使共乘車輛能快速通行。將時間節省作為核心獎勵，讓共乘成為最快速、最聰明的通勤選擇。 園區專屬上/下車點： 在園區周邊設置專屬的**「共乘接駁站」**，解決最後一哩路和等待問題。 2. 數據回饋與城市永續發展（長遠影響） 城市交通數據黑盒： 平台所收集的匿名化交通數據，將成為市府規劃未來大型公共運輸（如 BRT 或輕軌）路線、站點的科學依據，提升決策的精準性與資源配置效率。 3. 企業社會責任與市民積分制（C項優化） 企業積分制： 市府與園區企業合作，將員工使用共乘記錄轉化為企業內的**「ESG/綠色通勤積分」。員工可兌換企業提供的點數、停車費折扣或特休獎勵**，鼓勵市民從個人層面響應城市綠色交通。",2,1
130,"新竹市公車班次與路線優化建議","目前新竹市公車班次間隔時間過長，部分路線與市區主要轉乘點未有效銜接，導致通勤族與學生在尖峰時段常需等候過久，降低大眾運輸使用意願。","建議導入智慧運輸管理系統（ITS），即時調整班次與路線配置，並提供公車動態預測資訊整合至APP中，提升民眾使用便利性。","可減少市區交通壅塞與碳排放，提升公共運輸使用率，促進永續城市發展與智慧交通政策落實。",1,1
124,"東門市場再造改善","我很喜歡東門市場的小吃，但東門市場的環境髒亂而且夏天很悶熱，讓人很不想要進去。 而且其實有點冷清，晚上去其實滿恐怖的 但我覺得很可惜，東門市場應該是一個有潛力發展的景點。可以讓很多人甚至是外縣市的人認識這個景點。","先解決環境髒亂的問題讓人想待在裡面 除此之外可以規劃各種特色活動吸引人流","希望規劃完東門市場，可以讓這個景點成為新竹的特色。讓更多外縣市的人想來新竹玩，帶動新竹地方經濟。 也可以把東門市場的美食推廣出去，破除新竹是「美食沙漠」這個迷思。",0,0
136,"希望新竹有更多跟創業有關的課程及獲取資源的方式","感覺新竹很多都是以科技創業為主，但是對於創業家來說其實不理解自己到底可以在新竹做到什麼樣的創業成果","希望可以多開設一些創業及資源課程，增加同時舉辦一些創業家的聚會，讓新竹的創業氛圍更加提升","提高新竹的創業氣氛，並且讓新竹人的創業成功機率可以提稱，達到更多的正向影響力。",0,0
125,"公車路線很有問題","希望改善公車的發車時間","可以用dynamic schduling的方式，以數學模型去驗證改善","希望讓大家多多使用公車",1,1
138,"「行得順、騎得遠」——新竹火車站動線優化與YouBike友善永續交通計畫","新竹火車站為市區交通的重要樞紐，但存在以下問題： 1. 站內動線不明確：旅客經常分不清前、後站出口位置，標示混亂，導致通行不便。 2. 轉乘不便與交通壅塞：站外缺乏明確的YouBike與行人動線，導致上下班尖峰時段人車爭道、交通混亂。 3. YouBike使用成本偏高：目前YouBike無免費時段，短程移動需付費，降低市民及旅客使用意願，不利推動綠色交通。","1. 優化火車站內外動線標示 重整標示系統，明確標出「前站出口」「後站出口」「YouBike租借點」「公車轉乘區」等關鍵方向。 設置地貼導引與簡易導覽地圖，協助旅客快速辨識路線。 2. 規劃YouBike專用動線與短程免費制度 推動YouBike短程免費（前30分鐘）政策，鼓勵市民及旅客以腳踏車代替機車、計程車短程移動。 規劃腳踏車專用動線與停靠區，分流人車，避免上下班時段交通混亂。 結合周邊景點（如城隍廟、東門城、護城河、清華大學）打造「騎遊新竹」微型綠色交通圈。 3. 智慧導引與永續行動 建立交通導引QR Code地圖，整合YouBike站點、剩餘車量與附近景點導覽資訊。 結合市府永續政策，推動「低碳生活、智慧交通」示範區。","讓旅客與市民能更輕鬆找到路、快速轉乘、無縫銜接交通。 打造低碳、順暢、綠色的交通環境，成為全台綠運輸示範城市。 促進新竹市在「科技 × 永續 × 人文」三者間的均衡發展。 減碳與環境改善：推動YouBike短程免費與規劃腳踏車動線，能降低碳排放與空氣污染，提升市區環境品質。 交通秩序提升：人車分流設計減少尖峰時段混亂，提升市民通勤效率與安全。 觀光與城市形象提升：打造便捷交通體驗，讓旅客更願意停留與探索城市。 永續發展推動力：此計畫能具體落實綠色交通理念，呼應聯合國SDGs第11項「永續城市與社區」目標。",8,7
126,"交通不再擁擠：新竹新捷運的未來藍圖","新竹市交通擁擠的問題越來越嚴重，尤其是上班時段，搭公車常常要苦等，且交通工具選擇有限。這不但影響通勤效率，還讓人心情變得煩躁，像是在等抽獎一樣希望能抽到一班車。","捷運系統：建立全新捷運系統，連線主要商業區、住宅區及學校，形成高效的交通網路。 智慧交通：匯入智慧交通系統，利用APP即時提供車輛到達時間及最佳路線，像在玩Ubisoft的遊戲一樣，冒險從此不再迷路。 腳踏車道改善：推廣捷運站周邊的腳踏車租借與道線設定，鼓勵民眾短途騎行，來幾次悠閒的騎行，頓時心情UP！","目標：建立一個流暢、便捷的公共交通系統，讓通勤時間縮短30%，讓大家不必在交通上耗費太多青春。 社會影響： 減少車輛使用，改善空氣品質，讓新竹的藍天更藍。 促進商業活動，提升市區發展，讓我們的夜市變得更加熱鬧。 提升民眾生活品質，讓通勤不再是一種煎熬，而是一個小小的冒險。",2,2
127,"Ubike沒有30分鐘免費","Ubike沒有30分鐘免費","政府給出優惠","環保",0,0
121,"新竹都沒有可以讓孩童學習探索的展覽館","新竹親子館太少 小孩沒地方去 台北、台中、高雄都有超酷的大型展覽館，但我們竟然一個都沒有！","我們想蓋一座專為孩子設計的「兒童展覽館」","給孩子：讓新竹的孩子在玩樂中愛上科學，而不是只在課本上學。 給家長：解決爸媽「假日不知道帶小孩去哪」的大煩惱，讓新竹成為更好養小孩的地方。 給新竹：蓋一個能代表新竹的親子地標，讓大家知道，「科技城」不只是大人工作的地方，也是小孩快樂學習的天堂！",1,0
128,"提升公車站即時資訊系統準確度","目前新竹市部分公車站牌的即時到站資訊更新延遲，常出現「尚未發車」或「即將到站」卻實際等很久的情況，導致通勤族與學生無法準確掌握班次時間，降低大眾運輸的使用意願。","建議整合公車 GPS 定位資料與 AI 預測模型，利用歷史行車資料預測交通壅塞狀況，動態更新預估到站時間。此外，可設置「異常回報」功能，讓乘客主動通報誤差資訊，協助系統修正。","提升即時資訊準確度可減少乘客等待焦慮，增加公車搭乘率，進一步減少市區汽機車流量與碳排放，推動永續城市交通發展。",0,0
151,"總圖快建立，借書更便利","在新竹借書閱覽好難啊，總圖蓋了很久，孩子從國小都讀到國中了，希望能有更多閱讀借書的地方。","或許可以在各區設分館，或與其他公共建築共存，滿足愛書人的心。","更多書籍在城市裡流通，才是進步城市的指標，不是嗎?",0,0
149,"城市意象：讓「科技城」多一點「人味」","新竹長久以來給人的印象是「科技、菁英、理性」，但少了一點柔軟的溫度。","街景美感化：減少凌亂的廣告看板，推動建築立面整潔、色彩一致性。 • 夜間光環境設計：在東門城、巨城、火車站周邊做「柔光」設計，不只是亮，而是「好看」。 • 城市家具設計：路燈、指標、公車亭重新設計，讓「公共設施也有設計感」。 口號可延伸成：「科技城，也能很有美感。」","街景美感化：減少凌亂的廣告看板，推動建築立面整潔、色彩一致性。 • 夜間光環境設計：在東門城、巨城、火車站周邊做「柔光」設計，不只是亮，而是「好看」。 • 城市家具設計：路燈、指標、公車亭重新設計，讓「公共設施也有設計感」。 口號可延伸成：「科技城，也能很有美感。」",1,0
146,"打造「世代同行」共融基地，讓老幼一起快樂學與玩","現代社會中，長輩與孩童之間的互動日漸減少。許多長者因退休或子女外出而感到孤單，而許多孩子的生活圈則侷限於學校與補習班，缺乏跨世代交流的機會。這樣的代間距離，讓長輩失去參與感，也讓孩子錯失從生活智慧中學習的機會。","在社區中設立「老幼共學共樂基地」，定期舉辦長輩與兒童共學課程，如： 長輩教孩子傳統遊戲、手作或民俗技藝 孩童教長輩使用手機、拍照、平板等數位技能 一起舉辦故事日、繪本共讀、節慶共餐活動 並結合地方社區中心、學校及志工團體，共同經營這些活動空間。","透過共學與陪伴，讓長輩重新融入社區、感受被需要的價值，也讓孩子在互動中學會尊重與關懷。 這不僅能減緩長者的孤獨感、提升心理健康，也能培養下一代的同理心與社會連結，營造「老有所樂、幼有所學」的溫暖城市。",0,0
141,"捷運","新竹公車真的太爛 = =","比起改善公車，做捷運感覺更好。","交通可以更方便",0,0
145,"打造「心靈補給站」—讓城市更溫暖的微空間","現代人壓力大、步調快，許多人在面臨焦慮或低落時，缺乏一個能讓心情喘口氣的地方。特別是學生與上班族，常因心理健康資源不足而難以紓壓。","在學校、捷運站或公園設立「心靈補給站」小角落，提供免費的心理諮詢資訊、溫馨卡片、情緒留言牆與芳香放鬆空間。並可結合志工與心理系學生定期舉辦「心靈對話日」。","透過心靈補給站，讓人們感受到被關心與支持，促進社區心理健康，減少孤獨與焦慮感，打造更友善的城市氛圍",0,0
160,"增設娛樂場所","希望新竹（尤其清交、科學園區附近）可以增加多一點娛樂場所，學生跟工程師壓力太大了，需要更多管道適當放鬆。","希望能透過政府做市場調查、提倡，以及後續的補助等方式吸引店家。","可以讓清交學生與竹科工程師有更多娛樂場所，一方面提升大家的生活機能，一方面振興經濟。",14,12
152,"在新竹當行人好辛苦","新竹市區道路不寬，往往沒有人行道，汽機車又不大守交通規則，每次在路上走，都很提心吊膽。","在危險路段請盡量多規畫行人空間，要以人為本去設想如何才能行得安全。同時，也要用法規來規範人民，盡量去推動吧。","道路不只是給汽機車的車主使用，大家都是用路人，每個人都希望平安出門、平安回家，請市府再多多考量，如何讓每個用路人都平安。",1,1
154,"縫合大新竹的教育資源裂谷","新竹縣市因科技產業導致的人口結構與財政差異，正快速複製在教育現場。竹北市等核心都會區，因人口高速移入，面臨學校總量不足、「班班爆滿」的壓力，硬體建設疲於奔命。然而，在城市的另一端偏鄉地區，卻面臨著校舍老舊、數位設備落後、師資流動率高、文化刺激不足的困境。","推動「跨區數位共學計畫」： 利用新竹的科技優勢，由核心區的重點學校開設線上直播課程（如程式設計、外語、科學專題），讓偏鄉學生能突破地理限制，與市區學生同步學習、互動。","讓每一位在新竹成長的孩子，無論身處何處，都能享有均等、優質的教育資源與機會，打破因「地段」而決定學習成就的宿命",0,0
143,"大眾運輸刷卡不方便","搭公車的時候有時手上會拿很多東西導致刷電子票證不方便，同時也會擔心拿電子票證的速度太慢擋住後面排隊的隊伍，行動不便的長者可能也會有類似的問題。","可能可以把刷卡機放置車輛中間，讓乘客可以入座後再刷卡。","目標讓長者以及一些行動不便的人不會因為刷卡的問題抗拒搭乘大眾運輸。",0,1
142,"城市通勤新視角：安全、順暢、個人化","新竹目前交通資訊如天氣、施工、車禍、公車延誤等分散於各平台，使用者需頻繁切換，降低效率。現有導航亦缺乏針對自行車的即時安全建議，如避開積水或事故路段。以新竹為例，行人與自行車等路權弱勢族群常受臨時路況影響而受阻，常與通勤途中才發現道路封閉與施工。","我們的平台將整合多元交通資訊，例如交通局、氣象署等，建立高可信度即時資料庫，再提供即時路況、施工及危險提醒；並結合使用者回報與社群獎勵機制，促進資訊共享與互助。","1交通安全提升：即時掌握施工與封路資訊，減少突發事故與擁堵，且回報資訊可作為市府交通決策與維修優先順序的參考依據。 2個人化出行體驗：根據偏好（路線、地點、通勤習慣）提供更精準安全導航。 3市民共創平台：結合回報任務與獎勵，促進在地居民主動維護城市資訊，並串聯在地商家、藝術家與公民參與，強化社區歸屬感與城市形象。",1,2
147,"可以有藝術家媒合空間的資源在，更多讓藝術家進駐的空間，在裡面創作，結合需要地方創生的地方，讓在地活化。","新竹近年積極推動地方創生與文化再生，但在城市發展與產業轉型的過程中，文化創意能量的分布仍極為集中，多數藝術與展演活動仍聚焦於市區，如新竹市美術館、鐵道藝術村等。相對地，新竹縣內許多鄉鎮（如北埔、峨眉、橫山、關西等）雖擁有豐富的歷史脈絡與自然景觀，卻因人口外移、產業凋零及空間閒置，文化生命逐漸式微，缺乏持續的創意注入與青年返鄉誘因。 現有的藝術駐村資源在地分布稀少，且多屬短期性活動，未能與地方社群形成長期連結。許多創作者希望在地方深耕，卻因缺乏空間、資源與媒合平台，而無法落地實踐。同時，地方居民也期待透過藝術重新詮釋在地價值，讓舊有建築或場域再被看見，卻不知如何與藝術圈接軌。","可以推動「新竹藝術家媒合與進駐空間計畫」，建立藝術創作、地方再生與社區共榮的實踐模式。 藝術家可申請三至十二個月進駐，計畫期間須提出與地方連結的創作方案，例如：以峨眉湖、香山濕地、內灣鐵道為主題進行創作，或與當地學校、農民、青創團體共創作品。每年舉辦「新竹駐地藝術成果展」，串連縣市不同區域的創作能量，形成藝術路線與觀光亮點。 在資源配套上，提供創作補助、住宿支持與交通津貼，並邀請地方青年擔任駐地協力員，協助社區溝通與展演推廣。 長期目標是讓藝術與地方生活緊密結合，讓新竹不僅是科技城，也成為「藝術共生之城」——在山與海之間，讓創作與土地共生，重新被看見。","讓創作和藝術不只存在於畫廊或展館，而能深入鄉鎮與社區，與日常生活共生。透過藝術家媒合與進駐空間的推動，目標在於建立一個長期而有生命力的文化生態系，讓藝術成為地方再生的核心力量。 在願景層面上，計畫希望達成三個方向： 首先，讓藝術走進地方——讓藝術家能在北埔、橫山、峨眉、香山等地駐點創作，從在地故事、產業與自然中尋找靈感，將藝術轉化為能被居民共感的語言。 其次，促進地方與青年的再連結——許多離開家鄉的新竹青年，因缺乏就業與文化機會而難以返鄉。透過此計畫，可創造文化工作與協作機會，讓青年在藝術實踐中重新認識自己的土地。 在社會層面上，藝術家的進駐，能帶來外部視野與創意刺激，讓地方居民重新看見家鄉的價值，並促進社區凝聚力；同時，文化活動與展演將吸引旅客與媒體關注，帶動地方觀光與小型經濟循環。 更深層的影響是，藝術能重新形塑地方的自我敘事。當創作與生活融合，藝術不再是少數人的專利，而是每個人日常的一部分。新竹將不僅是一座以科技聞名的城市，也是一個充滿文化溫度與人文想像的「創作之地」。",0,0
153,"新竹的伴手禮在哪裡?","每次想從新竹買伴手禮去給同事，除了貢丸就無太多選擇，我都送了好幾年的貢丸和魚丸了，到底還有什麼伴手禮？","當其他的城市都在發展內部各區的特色時，我實在想不出新竹有什麼分區的特色或伴手禮，建議市府可以盤點一下，有系統地扶植店家，並作成觀光地圖，加強行銷。","我希望新竹不要再只給人米粉、貢丸、竹塹餅這些伴手禮的印象了，更多元才能更吸引遊客。",0,0
156,"新竹才不是沙漠","大家都說新竹的美食是麥當勞，但其實有很多隱藏小吃、甜點店，另外希望可以挖掘景點，讓新竹也有觀光客，在地人不再只是「不是在去巨城的路上，就是在巨城」","建立新竹專屬APP，彙整社群媒體推薦好吃、好玩的地方，並提供市民評價","促進觀光產業，使外地人提到新竹時，有除了竹科外的印象",0,1
155,"新竹洗公車日","新竹多數的公車都很臭又很髒，設備也很舊","定期為公車進行內部清潔或至少換個設備吧，有些連顯示面板都用膠帶貼 超慘","增加民眾搭乘大眾交通運輸的意願，進而減少塞車機會",0,0
157,"新竹青年幸福感提升計畫","新竹擁有全台最年輕、教育程度最高的城市族群之一，卻普遍感到城市歸屬感不足，青年普遍覺得新竹是工作的城市，而非生活的城市，此外，求學、就業與房價壓力也導致心理健康問題年輕化，焦慮與倦怠感升高。這種心理與社會的「隱性貧窮」逐漸侵蝕青年活力，也削弱了城市的創造力。","心靈補給站計畫：把心理健康照護從醫療院所擴展到公共空間，像公園、圖書館這些日常場所。政府目前有心理健康中心，但都屬於醫療體系，年輕人不會主動接近，而補給站以藝術、音樂、自然活動吸引青年，提供非正式、無壓力的心理支持。 城市幸福挑戰賽：評價標準不是商業價值或技術創新，而是幸福感與社會連結的改善。政府常舉辦黑客松或創新競賽，但較少關注社會情感與城市氛圍的改善，這項挑戰賽則強調青年如何讓城市更有溫度。","讓新竹成為台灣首座以「青年心理健康與社會連結」為核心的活力城市，讓青年在此不僅是生產力的象徵，更是情感與創造力的能量來源。透過營造兼具共感與療癒的城市環境，讓新竹不只是工作的場所，而是一個能讓青年感受歸屬與幸福的生活場域，同時預防心理健康惡化、減少孤獨世代的形成，打造出一座兼具科技與溫度的城市。",0,0
159,"夜光新竹","想讓理工氣質強的新竹，透過「光」「影」的設計，重新被看見、被感受。","用光影設計改造老街、護城河與海岸線夜景，設置互動燈光、投影藝術。","吸引更多外地遊客前來",1,0
158,"新竹為高科技城市，許多新生家庭在此誕生，因此幼兒的教育導向菁英式的教育，升學掛帥的主義下新竹為高科技城市，許多新生家庭在此誕生，因此幼兒的教育導向菁英式的教育，如何落實母語教育的推動與復甦","新竹為高科技城市，許多新生家庭在此誕生，因此幼兒的教育導向菁英式的教育，升學掛帥的主義下新竹為高科技城市，許多新生家庭在此誕生，因此幼兒的教育導向菁英式的教育，如何落實母語教育的推動與復甦？","應該在地方成立地方創生團隊，並且以地方創生團隊的凝聚力跟向心力，帶領人民認識新竹市這個美好歷史的城市，擁有閩南台語外籍等不同母語在此落地生根的文化，更有更多歷史的文化與記憶，都是需要被傳承與及承載的，因此倚靠地方創生團隊在地凝聚所有的新竹市民，讓新竹市民可以因為地方創生團隊進而學到所謂的母語，甚至是認識新竹市真正的歷史與人文，以復甦當地的歷史文化，甚至是母語。","期盼喚醒新竹市所有人的母語，珍惜自己母語學習的機會，並且提升母語教育的環境，而讓教育並非以升學掛帥為主，也讓學習是永無止境從幼到老都是可以學習的。",1,0
150,"市民融入城市規劃","覺得市民互動度不夠","可以規劃一個區域，讓市民大小朋友，可以發揮創意，每個人都可以是城市規劃設計師，增加互動性，城市與市民間的融洽，增加向心力","期望透過多元化互動達到市民對新竹的認同與歸屬感",0,0
144,"美感新竹・好日好生活","新竹市作為科技重鎮，正面臨城市發展與生活品質失衡的挑戰。具體問題包括：街景雜亂（老舊建築、參差不齊的招牌、閒置角落）、公共空間不友善（人行道受阻、綠地零散）、舊城區活力衰退，以及公共設施視覺混亂（標誌、電箱、纜線盤據）。這些問題不僅影響市容，更降低了市民的居住幸福感與光榮感。","本提案主張採用整合性的美感治理方針，從「點、線、面」進行改造： 點：街角美感微整形：透過提供補助與設計資源，鼓勵社區與店家改造立面與招牌，並將閒置角落轉化為藝術牆或小花園。 線：綠意漫步廊道：串聯公園綠地，拓寬整建人行道，增加街道家具，打造連貫、舒適的綠色步行網絡。 面：藝術轉動舊城區：引入藝術家駐村、舉辦藝術季，為歷史街區注入當代文化能量，活化舊城。 體：減法美學計畫：整合雜亂的公共設施與纜線，制定城市設計指引，以「簡化」為原則，提升整體視覺秩序。","此提案的願景，是將新竹市從「功能導向」的科技城市，升級為一座「科技與人文美感共融的宜居城市」。期望市民在日常生活中，處處能感受到美與舒適，無論是散步、購物或休閒，都能為自己所居住的環境感到自豪，讓「美感新竹」成為這座城市的鮮明印記。 提升市民認同與幸福感：透過環境優化與公民參與，凝聚社區意識，增強對城市的歸屬感。 促進健康與永續：友善的步行環境鼓勵綠色出行，改善公共衛生並降低碳排。 活化經濟與文化：美麗的街區與藝術活動能吸引觀光人潮，活絡在地商業，並創造文化創意產業的發展機會。 塑造現代化城市品牌：透過有秩序的市容與獨特的美學，強化新竹「智慧、宜居、有魅力」的城市形象，吸引人才駐留。",18,9
148,"大型活動可以跟史努比和蠟筆小新等知名卡通動漫人物合作","今年有跟三麗鷗、卡娜赫拉和航海王合作，希望未來可以跟史努比和蠟筆小新等知名卡通動漫人物合作。","希望未來大型活動都可以和知名卡通動漫人物合作。","增加活動參加人潮。",1,1
179,"青春市集","我覺得我們學校和新竹有很多有才華的同學，會畫畫、做手工、寫歌或種植物，但這些東西通常只能放在家裡，沒機會展示給別人看。如果能有地方讓我們分享作品，應該會很酷！","可以舉辦「青春市集」，讓國中、高中生可以擺攤賣自己做的手作、畫作、明信片或音樂表演。學校可以協助報名，市府提供場地（例如新竹公園或護城河周邊）。這樣不只是市集，也是一種學習機會，讓學生體驗創業與社交。","希望透過市集讓大家看到年輕人的創意，讓更多人支持我們的夢想。同時也能讓城市變得更有活力、更有文化氣息。",46,44
168,"智慧回收站計畫——讓新竹更乾淨、環保又方便","目前新竹市許多公共場所（如公園、學區、夜市周邊）垃圾桶設置不足，導致垃圾亂丟、回收物混雜的情況嚴重。即使市府推動垃圾分類多年，仍有不少居民反映「分類太麻煩」、「找不到回收桶」","在主要人潮地點設置「智慧回收站」，可自動辨識瓶罐、紙類、金屬等回收物，並以App或悠遊卡回饋積分（可兌換小禮或交通優惠）。同時搭配AI監控分析垃圾量與時段，優化清運效率。","讓新竹成為全台首個導入智慧回收系統的永續城市，減少垃圾污染、提升居民環保意識，並促進綠色科技與生活的結合。長期而言，也能成為其他城市參考的智慧城市典範。",0,0
161,"EASY GO 新竹志工整合平台：重建信任，賦 A.I. 能","台灣的志願服務正同時面臨三大危機，導致善意無法有效流通： 信任危機（社會安全網破洞） 詐騙集團利用 Facebook、LINE 等公開管道，發布「假招募、真詐騙」訊息，導致民眾因害怕而不敢行善，嚴重打擊公共信任。缺乏一個官方認證、安全可信的統一入口，是當前最迫切的問題。 效率危機（第一線行政內耗） 經我們實地訪談新竹市志推中心，現行作業高度依賴人工、電話與 LINE 進行媒合與管理。資訊零散、流程老舊，導致「資訊孤島」，讓督導人員疲於應付重複性行政工作 ，無法專注於更重要的志工關懷與服務創新。 永續危機（青年斷層與高流失率） 志工高齡化：學術研究顯示，台灣志工主力有 55% 為 55 歲以上人口 。 青年高門檻：訪談得知，12 小時的實體基礎訓練是阻礙青年加入的高牆。 惡性循環：研究證實，未領服務紀錄冊或服務未滿 1 年的新手志工（多為青年），在服務時遭遇的困難「顯著高於」資深志工 。高門檻導致高挫折，最終造成高流失率。","我們將打造一個由政府授權、A.I. 驅動的「EASY GO 志工整合平台」，一站式解決上述三大危機： 建立「官方信任入口」： 與新竹市政府合作，成為官方唯一認證的志工媒合平台。透過嚴格的「運用單位」審核制，從源頭杜絕詐騙，讓民眾能安心行善。 導入「A.I. 賦能行政」： 將繁瑣的人工作業數位化、自動化。提供志推中心專業後台，一鍵發布職缺、管理志工、自動統計數據，徹底解放第一線督導的人力 。 設計「青年友善路徑」： (1) 降低門檻：將 12 小時基礎訓練線上化 ，讓青年可彈性完成。 (2) 精準媒合：導入 AI 媒合，將青年的專業技能（如：程式、設計、行銷）與 NPO 需求配對，解決志工「專業能力不足」的痛點 ，創造高價值服務。","短期（黑客松）：成為優勝方案，並立即與新竹市志推中心、青年發展中心建立試辦合作，驗證 MVP (最小可行產品) 的價值。 中期（黑客松後 6 個月）：導入核心 AI 媒合功能，並將 12 小時基礎訓練成功線上化，青年註冊率提升 50%。 長期（黑客松後 1 年）：成為新竹市官方指定的唯一志工入口，並串聯企業 ESG 資源，建立一個「政府、NPO、企業、市民」四方共贏的「善意永續循環」。 對市民（志工）：提供一個安全、透明、高效的行善管道。青年能發揮所長，高齡者能找到歸屬，重建「信任」。 對組織（NPO）：讓志推中心等單位擺脫行政束縛，釋放寶貴人力，專注於服務品質的提升，提升「效率」。 對政府（社會）：杜絕志工詐騙，降低社會成本。並透過數據洞察，輔助推動「青銀共融」等政策，達成志願服務的「永續」。 最終，EASY GO 不只是一個網站，它將是新竹市的公共信任基礎設施，讓「行善」變得更簡單、更安全、更有效率。",1,0
176,"校園午餐減油減鹽計畫","我們每天都在學校吃午餐，有時候覺得味道太鹹或太油，吃久了其實對身體不好。班上也有同學說吃完飯會覺得口渴或胃不舒服。我們希望學校的午餐能更健康一點，讓大家吃得安心又有活力。","可以請營養師和學生一起討論菜單，讓我們了解食物怎麼搭配比較健康，也可以不定期舉辦「健康午餐週」，邀請同學票選最喜歡的健康菜色。還能用公告欄或海報介紹食材的營養知識，讓大家從小學會選擇健康飲食。","希望每個學生都能吃得開心、吃得健康，讓我們有更多體力去學習和運動。從學校開始推動健康飲食，也能影響家人一起注意飲食習慣，讓整個社區都變得更健康。",68,55
169,"綠色通勤日——推動新竹市每週一天低碳出行","新竹通勤車流量大，尖峰時段交通擁擠、空氣品質下降。許多上班族與學生表示，即使想騎車或搭公車，也因缺乏誘因與安全環境而放棄。","由市府與企業合作推動「綠色通勤日」，每週一天鼓勵民眾以步行、騎乘電動車、公車等低碳方式通勤。可提供公車免費搭乘、電動腳踏車租借折扣，或對參與企業給予ESG獎勵。","降低交通碳排、改善空氣品質，並強化新竹的永續形象。透過企業與市民共同參與，培養綠色生活文化，進而促進市區公共交通與微型交通的發展。",1,0
171,"音樂公園行動舞台","年輕表演者缺乏穩定演出平台。","在公園設置可預約的「街頭表演舞台」，搭配夜間燈光設計","活化公園空間，培養城市音樂文化。",53,52
178,"陪伴時光計畫—讓長輩不再一個人吃飯","社區裡有很多爺爺奶奶一個人生活，他們常常坐在公園長椅上發呆，有時候自己吃便當或到超商買東西，看起來有點孤單。我覺得他們應該也希望有人可以說說話或一起吃飯，可是年輕人和學生都很忙，幾乎沒時間陪伴他們。","我希望能有一個「陪伴時光計畫」，由學校或社區安排同學志工去陪老人家吃飯、聊天、教他們用手機拍照或聽音樂。也可以在週末舉辦「共餐日」，由學校提供場地、家長會或餐廳贊助食物，讓老人家和學生一起吃飯、玩桌遊、聊生活。","希望長輩能感受到被關心，也讓我們學生學會照顧和尊重年長者。當不同年齡的人願意一起相處，城市就會變得更溫暖、更有愛。",3,1
164,"道路拓寬","地下道的寬度通常只夠一台機車，有一定的危險","取消地下道","讓道路使用者更安全",1,0
177,"防蚊行動","學校附近有些地方會積水，常常看到蚊子很多，尤其夏天容易被叮。老師也提醒要小心登革熱，但我們覺得學校可以再多做一點防治的工作。","希望能在學校舉辦「防蚊小尖兵」活動，讓同學一起巡檢校園積水點，學會辨認孳生源。也可以製作防蚊香包、使用天然精油，兼顧環保又有創意。學校可以和家長會合作，在放學後或假日舉辦環境整理日，讓整個校園更乾淨安全。","不僅能減少蚊蟲叮咬，也能培養我們對公共衛生的重視。當學生懂得主動維護環境時，未來長大也會成為關心城市健康的公民。",10,4
166,"新創基地","新竹有許多產業，但很多都是重資本的高科技產業，較少新創資源都往台北跑","建立新創基地，吸引青交學生在地孵育創業想法","提升產業動能與競爭力",0,0
172,"智慧健康守護網——讓每位長輩都被「看見」","新竹市老年人口逐年增加，許多長者獨居或與家人兩地分居，平日活動範圍有限。當突發疾病或意外發生時，常因求助不及而錯過黃金救援時間。 另外，慢性病患者雖定期回診，但在日常生活中缺乏健康監測與醫療追蹤，導致健康狀況變化無法被即時掌握。","建立「智慧健康守護平台」，整合醫療院所、消防局與社區照護資源。為高齡者與慢性病患提供免費或補助型「穿戴式健康手環」，能監測心率、血氧、跌倒狀況並即時回傳資料。與在地診所及長照中心合作，設立「健康回報小站」，每月自動生成健康報告。平台結合AI分析，若偵測異常自動通知家屬與救護單位。","建立以「預防」為核心的健康照護網，減少急診與長照負擔。讓長輩在家中也能安心生活，家人不再擔心。結合科技與溫度，打造「零距離照護」的城市典範。",4,3
180,"《竹光共學基地──讓世代在日常中相遇的共好行動》","在新竹這座科技與傳統並存的城市裡，快速的都市節奏讓「世代之間的距離」悄悄擴大。許多長者退休後生活孤單、缺乏社會參與機會；而雙薪家庭的增加，也使孩子們多半交由安親班或螢幕陪伴，少了與不同年齡層交流的經驗。老年人有豐富的生活智慧與時間，卻缺少能分享的平台；孩子們充滿好奇與創造力，卻少了耐心傾聽他們的長者。這樣的社會結構，使兩個族群都被動地孤立在不同空間裡——長輩的故事無人聽、孩子的成長少了溫度。若沒有跨世代的交流，新竹的社區活力將逐漸喪失，城市的人情連結也會越來越淡薄。","「竹光共學基地」是一個讓老年人與孩童共同參與的日常共創空間。透過在社區閒置空間（如老屋、學校閒教室）打造共學場域，規劃如「老故事劇場」、「手作科學坊」、「世代共廚日」等活動。長者可成為生活導師，教孩子傳統技藝、料理、生活智慧；孩子則教長者使用手機、拍短影片、操作平板，達到知識與情感的雙向流動。空間中設有「回憶牆」與「未來信箱」，串聯世代對話與城市記憶。此基地將與社區大學、學校及企業志工合作，建立穩定課程機制與陪伴制度，使「共學」成為日常，而非一次性活動，讓新竹的科技城氣息中多一份人情與溫度。","「竹光共學基地」希望讓老年人與孩童不只是被照顧的對象，而是社區中彼此啟發的夥伴。目標是培養老幼互助的文化，讓長者感受到被需要與自我價值的延續，孩子也能在真實互動中學會共感與尊重。長遠來看，這樣的模式能促進新竹社區的凝聚力，減少長者孤獨與兒童的疏離感。同時，它也成為城市中可複製的「世代共學模組」，推廣到其他社區或縣市。當科技城市能兼容溫度與記憶，當老幼彼此成為學習的鏡子，新竹就不只是創新的城市，更是「共好的城市」。最終願景，是讓共學成為生活的習慣，讓關係成為城市的力量來源。",0,0
175,"公車尖峰時段智慧調度系統","公車於上下班及學校上下課的尖峰時段，常出現人潮過多、班次不足的情況，導致候車時間過長及車內擁擠，影響通勤效率與乘車體驗。特別是在特定站點如學校、工業區或轉運站，更容易出現供需不平衡的問題。","可建立一套「公車即時人潮偵測與智慧調度系統」，透過整合公車定位資料、電子票證刷卡紀錄、學校及企業上下課／班時間表，以及乘客於App回報的人潮資訊，進行即時分析。 當系統偵測到人潮激增時，可自動通知客運公司，並依據狀況派出加班車或臨時調整班次，確保乘客能順利搭乘。同時，也可將即時人潮資訊公開在交通App與電子站牌上，讓民眾掌握最新班次狀況，減少等待與擁擠情形。","希望透過智慧化的公車調度系統，改善尖峰時段公車班次不足的問題，讓民眾在上下班、上下課等高峰時段能夠更方便搭乘，縮短等車時間、降低擁擠度。最終達成提升大眾運輸使用率、減少私人車輛使用與交通壅塞的目標，打造更順暢、更永續的城市交通環境。",1,0
170,"社區共餐日","許多長者獨居，年輕家長忙碌，缺乏與鄰里互動的機會。 解決想法： 每週由社區活動中心舉辦「共餐日」，由志工或學校合作供餐與陪伴，促進跨世代交流。","每週由社區活動中心舉辦「共餐日」，由志工或學校合作供餐與陪伴，促進跨世代交流。","降低長者孤獨感、增進社區凝聚力，打造有愛互助的生活圈。",1,0
165,"增加新竹市圖書館藏書","平時要借閱新竹市圖書館書藉時，常發現圖書館藏書較少，別的縣市藏書比新竹市多蠻多的。","多給些預算購買不同種類書藉，方便市民借閱。","養成各年齡閱讀習慣，增廣見聞，便於市民知識取得。",0,0
163,"增加清交的Ubike站數","清交佔地大、山路又多，學生也不少，希望可以在校園內廣設站點。","多設置站點。附圖為清交的Ubike站點與台大的Ubike站點","可以幫助清交學生通勤，促進學生的通勤效率，進而提升學生的學習效率，進而提升國家的競爭力。",55,54
174,"巷弄藝起來——讓藝術融入日常生活","新竹許多老舊社區的牆面斑駁、巷弄雜亂，缺乏整體視覺規劃，使得城市形象顯得單調。許多居民希望改善環境，但苦於缺乏資源與設計協助，導致改善行動難以落實。","可以推動「巷弄藝起來」計畫，邀請在地藝術家與學校合作，讓學生與社區居民共同設計牆面彩繪與公共藝術裝置，結合地方故事與文化意象。改造完成後，可串聯成「新竹藝術步道」，搭配假日導覽與市集活動，讓巷弄不僅乾淨整齊，更成為城市文化的延伸與觀光亮點。","此計畫能以藝術的方式重新賦予社區生命力，喚起居民對環境的認同感。當藝術走入生活，城市將變得更美、更有靈魂，讓每條巷弄都能說出屬於新竹的故事。",53,53
173,"社區共好幫幫團——打造有溫度的新竹","都市生活節奏緊湊，鄰里之間的交流漸少，許多家庭在面對臨時狀況時，常感到無助。例如單親家長臨時加班無法接小孩、長輩外出看病沒有人陪伴、年輕人租屋在外遇突發狀況無人可依，這些情況都讓城市顯得冷漠而疏離。","可以由市府推動「社區共好幫幫團」計畫，整合志工、社區發展協會與居民力量，建立線上平台或App，讓居民能主動登錄可提供的協助項目，例如代購物、接送孩童、陪伴長者或簡單修繕。平台能即時媒合需求，並結合LINE官方帳號或社區據點操作。為了促進交流，每個季度也能舉辦「鄰里共好日」活動，鼓勵居民面對面互動、建立信任感。","透過社區共助的力量，重建人與人之間的連結，讓城市的每個角落都充滿溫暖。這不僅能減輕家庭壓力，也能增強居民的安全感與歸屬感，使「幸福友善」成為新竹最有溫度的城市標誌。",2,1
162,"Ubike、OLOO前30分鐘免費。","希望新竹（或新竹的學生）可以像台北一樣，Ubike前30分鐘不用錢，新竹山很多，尤其校園又無法騎車，許多人只能藉由Ubike通勤，希望可以降低大家的交通負擔。","補助Ubike或Oloo。","讓大家更願意使用此等交通方式，提高大家交通效率，以及提升大家使用低污染的交通方式達到綠能永續發展的目標。",18,15
167,"新竹城市交通不便","很多時候只能自己騎車，大眾運輸不便","建立更完善的大眾運輸或是共乘交通工具","讓新竹交通更爲便利，刺激在地觀光以及降低碳排放",1,0
195,"抽煙問題","新竹的孩童、學生族群很多 但在路上卻常常遇到有人抽煙的問題 不管是走路抽、騎摩托車抽、站著抽都會影響行人的感受 連上學期間，在學校內部施工時，都會聞到工人抽煙飄到教室裡 而二手煙、三手煙、煙蒂等遺留在空間的物質才是最大的傷害","應該幫忙抽煙的人戒菸 再來明令禁止抽煙或是建設吸菸室並限制抽煙的人只能在裡面抽煙","希望不要在路上再看到或聞到抽煙的人和味道以及地上的煙蒂 打造更適合、更健康的環境給大多數人 實質性的減少抽煙的人數 讓抽煙門檻增加",0,0
182,"跨世代學習市集","許多長輩退休後缺乏社交與學習機會，年輕人則難以理解老年人的生活經驗與智慧。兩代間缺少互動，導致代溝與孤獨感增加。","設立「跨世代學習市集」，邀請長輩分享傳統技能（如縫紉、園藝、烹飪），年輕人教授數位應用（如手機、拍照、防詐騙），每月舉辦交流日。","促進世代理解與互助，建立長輩參與感與青年的社區責任感，打造更具包容力的城市文化。",101,99
199,"增設友善寵物空間與狗狗散步區，讓毛孩與飼主更安心活動","飼養寵物的家庭在新竹逐年增加，但目前市區內的寵物友善公共空間仍有限。許多飼主只能在狹窄的人行道或車流量高的區域遛狗，容易造成安全疑慮；而缺乏能放繩奔跑的安全區域，也讓毛孩無法充分活動。部分民眾不熟悉寵物禮儀，也增加環境與鄰里之間的摩擦。","建議在主要公園及社區周邊設立「狗狗散步區」或「寵物友善活動區」，設置安全圍欄、洗腳區、飲水台及清潔袋補充站，讓飼主能安心放繩互動。市府也可逐步新增寵物友善路線示意圖，並與社區合作推廣寵物禮儀，例如便後清潔、牽繩規範等，營造更舒適的公共環境。","打造更多寵物友善空間，不僅能讓毛孩健康活動，也能強化飼主間的交流，形成更友善、更包容的社區氛圍。適當的規劃與引導也能減少鄰里糾紛，使新竹成為對動物與人都更友善、更幸福的城市。",1,1
183,"開放式科學教室","新竹市學童對科學興趣高，但學校資源有限，難以提供創客或實驗體驗。","與清交學生合作，建立「開放式科學教室」，設計簡易材料實驗課程（回收品、LED、馬達等），讓孩子動手做、玩中學。","培養孩子的好奇心與實作能力，激發新竹下一代創新力。",46,45
193,"不要在奇怪時間公休啦","新竹市的平均年齡約 41.25 歲，老化指數為全國第二低，0-14 歲幼少人口比例更居全國之冠，其中16 至 40 歲的青年人口約有 14.3 萬人，佔全市人口的 31\\% 綜合產業比例與特性來看，新竹市市民特性相較其他縣市，日常生活時間更為彈性，大學生青年族群、科技業排班輪休等性質也讓新竹市民休閒時間不只是大量集中於週末，更像是分散在週間。時常在平日難得有休閒時間時想去的咖啡廳、餐廳等在公休日，也因每間店都有特殊公休日，常為這件事苦惱。","由政府設立平台，串接google地圖，透過智慧整合，能夠快速搜尋、分類出當日、欲搜尋日期有營業＆未營業的店家 也方便各店家做資料整理，調整出能夠為該店帶來最大營收的營業時間","解決未在預料中的探店撲空，也為地方產業、地方市民提供快速尋找娛樂目的地的全方位平台，未來更期待開放民眾自由評論，更能夠作為遊客參考的最佳官方選擇。",0,0
187,"取消光復路內線禁行機車","機車在路上常會被路邊的違停、公車擋住造成塞車","取消內線禁行機車","解決塞車問題",0,0
198,"推動 AI 素養教育與開放實驗室，讓孩子從小掌握科技力","新竹是一個科技人才高度集中的城市，但目前許多學校的設備或資源仍有限，使學生對 AI、程式設計、資料科學等現代科技工具的接觸機會不多。教師在課程設計上也常受限於硬體、時間或資源，難以提供更多元的科技學習經驗。這使新竹的孩子無法充分在「科技首都」中獲得應有的學習優勢。","建議市府與學校合作推動「AI 素養基礎課程」，讓學生從小認識 AI 的概念、應用與倫理。同時打造兼具實作的「開放式實驗室 Open Lab」，讓不同學校的孩子能共享設備，例如 3D 列印、簡易機器人套件、AI 影像辨識訓練工具等。並邀請竹科工程師、年輕創客擔任短期講師，讓學生接觸真實世界的科技發展。","透過 AI 教育與開放實驗室的推動，孩子能從小建立科技思維，提升創造力與解決問題的能力。這不僅能縮小不同學校資源差距，也能打造新竹下一個世代的科技人才，使城市在教育與創新上更具競爭力，讓新竹真正成為「最懂科技的學習城市」。",1,1
188,"青年就業博覽會","近年來青年就業機會不多，大多被外縣市所吸引","多多舉辦就業博覽會，或是和其他外縣市合作舉辦","能大大提升台灣的經濟力",0,0
181,"尋找廁所","新竹以山聞名於爬山界，但在爬山的途中，其實廁所非常不好找 ，然後再發現到市區的廁所有時候也找不到","可以開發一個App來找廁所","感覺對新竹會很有幫助",0,0
197,"打造親子與銀髮共享的生活空間","目前新竹市的公共空間多半偏向單一族群使用，例如兒童遊戲場以小朋友為主，長者據點則多位於社區角落、活動形式較固定。這使得三代家庭在假日或日常生活中難以找到能共同參與的空間與活動，減少跨世代互動，也讓長者和孩童之間的情感交流機會不足。","建議在市區或社區公園設立「共融生活活動場」，整合親子活動、長者體健設施、閱讀角、手作教室及社區廚房等功能。讓孩子能安全遊玩、長者能伸展運動，家長也能在旁參與或放鬆。此外可定期舉辦跨世代活動，如故事分享、手作日、社區共餐，讓三代能共同學習、互動並產生情感連結。","期望透過三代共融空間，使家庭更容易一起出門、一起參與活動，促進親子與祖孫的交流與陪伴。更重要的是，讓長者不再因缺乏公共空間而感到孤單，使孩童從小學會尊重與理解不同世代，打造更溫暖、友善與幸福的新竹。",0,0
194,"蓋排球場","排球場大多都是在學校才有 公共空間比較少自己的排球場","希望蓋公共排球場可以使用","更多人可以更容易的去打排球",1,1
184,"棒球場荒廢不如舉辦市集活動","棒球場從開第一場球後問題風波不斷，就此關閉的棒球場如同廢墟一般存在著。","棒球場荒廢不如就現有可利用的空間範圍及室內停車場，舉辦活動或者市集活動來增加使用率及創業店家可以增加曝光率，棒球場爭議的時間也可以增加地區的活絡，使大家參與活動的時候也不會忘記棒球場的存在，把空間使用發揮得更淋漓盡致。","棒球場的痛新竹人都懂，荒廢已久不如將錯就錯，舉辦市集可以活絡社區及增加凝聚意識，促使讓棒球場可以盡快運行他該賦有的機能，盼著棒球場回歸的一天！",2,2
185,"減少車禍","規劃行人道路，更明確的機車道路。","民意匿名發言哪裡路段危險等等，去判斷。","希望能讓行人好好走路，不用再為路邊違規停車，擔心出車禍。",0,0
189,"老人活動中心不足","很多獨居老人都獨自在家，或者是老人很無聊都沒事做，只能公園市場跑來跑去","希望能多多舉辦老人活動，讓他們有一個生活重心，或是社區凝結的地方","將會減輕青年的負擔，達到社會共融",0,0
200,"推動公共藝術牆更新計畫，邀請在地青創一起讓城市更有特色","新竹街區中有些牆面長期老舊或單調，缺乏視覺吸引力，也沒有展現城市的文化風格。許多年輕創作者與在地藝術團體雖然充滿創意，卻缺乏能讓作品被市民看見的公共舞台，造成城市環境與創意資源之間的落差。","推動「城市藝術牆更新計畫」，由市府與社區、店家合作，將老舊牆面釋出為公共創作空間。邀請新竹在地插畫家、設計師、街頭藝術家與青年團隊共同參與，以城市歷史、科技特色、地方故事為主題，創作更具特色的公共藝術。並可搭配 QR Code，讓民眾用手機了解作品背後的創作者與故事。","透過公共藝術牆的更新，新竹能展現更多元、年輕而有活力的城市形象，提升街區美感並吸引旅客停留拍照，帶動周邊商家發展。同時也為在地青年創作者打造展現作品的舞台，讓藝術真正融入城市生活，打造更有文化魅力的新竹。",1,1
192,"以動態規劃模型改善公車發車時間","1. 現行公車發車時間多依固定時刻表，缺乏彈性，容易出現班距過長或班次重疊的情況。 2. 尖峰時段乘客量大，常導致候車時間過長、車廂擁擠；離峰時段則可能出現空車率高、資源浪費。 3. 公車調度缺乏即時性，難以因應交通狀況（塞車、事故）或乘客需求的變化。","1. 建立動態規劃模型 (Dynamic Programming Model)，根據乘客流量、交通狀況與歷史數據，動態調整發車時間。 2. 導入即時數據來源（如智慧站牌、GPS、乘客刷卡紀錄），作為演算法輸入，預測需求並優化班次。 3. 設計決策支援系統，讓調度人員能即時獲得最佳排班建議，減少人為判斷錯誤。 4. 在乘客端提供 App 通知，即時更新班次資訊，提升候車體驗。","1. 提升效率：縮短乘客候車時間，降低尖峰時段擁擠，離峰時段減少空車浪費。 2. 智慧交通：建立更彈性的智慧運輸系統，提升城市公共運輸的可靠度。 3. 永續發展：透過資源最佳化，減少能源浪費與碳排放。 4. 社會友善：改善乘客體驗，鼓勵更多人使用公共交通，促進交通安全與城市宜居性。",17,12
190,"延續青年活力帶動新竹","新竹因竹科園區而有許多年輕家庭移居在此，但總有一天，此刻年輕的居民終會年老，如何讓現在的青年活力持續下去呢？","我認為除了設置各種展演活動場地之外，應發展新竹在地的新型態文化，可結合當地的傳統藝術，再加上年輕世代的巧思，做到文化再生，讓世代的青年都願意推陳出新的參與和傳承。建議可先從在地美食的發揚與創造開始，研發新的新竹美食，作為新時代的代表。","我希望藉由新型態的新竹文化，讓原本的新竹人更喜歡自己居住的城市。而外地民眾，則會因為受到新竹的新生元素吸引，多來新竹走走，甚至是移居新竹，共創新竹的繁榮。",0,0
186,"公車班次增班","綠線公車下課期間 非常塞擁擠很多學生搭不到公車","加開班次","交通更便利",0,0
196,"打造新竹智慧公車即時資訊：減少等待、提升準時率","新竹市的大眾運輸使用率逐年提高，但許多市民普遍反映公車抵達時間不夠準確，站牌資訊不一致、APP 更新不即時、部分路線班次長且缺乏可預期性。 這些問題造成民眾在通勤與日常移動時需要額外預留時間，降低使用公車的意願，也影響整體城市交通效率。","為了改善市民在使用公車時經常面臨的等候時間不準確問題，我建議導入更精準的車機定位技術，提升公車 GPS 的穩定度與正確性，減少因定位飄移造成的誤差。同時可以打造一個整合式即時資訊平台，將預估到站時間、滿載狀況與班次履歷集中在同一介面中，並透過 APP、LINE BOT 及網站三種方式提供查詢，讓不同族群都能方便使用。此外，建議逐步增設或更新主要站點的電子看板，使長者與未使用智慧型手機的族群也能即時取得公車資訊。為了提升透明度，也可以建立公車準點率的公開儀表板，讓市民清楚了解各路線的準點情形，並協助政府進行調度與改善。","期望透過這些智慧化措施，讓新竹的公車系統更加透明、可預期，打造出真正交通友善的智慧城市。改善後的系統能讓市民更準確掌握通勤時間，提高大眾運輸的使用意願，進而減少交通壅塞與碳排放，對城市永續發展有正面助益。更便利的交通環境也能提升新竹對年輕人與外地人才的吸引力。希望未來的新竹不再需要「靠運氣」等車，而是讓每一趟旅程都更輕鬆、更有效率，真正成為宜居、便利的現代城市。",0,0
191,"讓新竹棒球場展現活力與風采","新竹棒球場至今未能正常營運相當可惜，如何在正式營運前，維持新竹棒球場的硬體設備和周遭的環境與經濟，是我相當在意的地方。","雖然目前新竹棒球場還無法正式進行棒球比賽，但如果棒球場內的安全檢查通過了，在正式啟用、舉辦比賽前，可先提供在地的棒球隊作為練習場地。或是定期於假日在新竹棒球場外舉辦小型展演活動，暫時將新竹棒球場視為地標。建議可結合時下流行的景點打卡活動，讓新竹棒球場成為在地活動的踩點之一。","簡單來說，就是提升並強化新竹棒球場的存在感與價值，不要因為暫時無法在此舉辦中職比賽，而讓新竹棒球場持續荒廢，成為居民眼中的路障。即使不能舉辦職棒比賽，棒球場也能暫時以別的形式為大眾帶來歡樂。",0,0
203,"永續地方創生","讓新竹永續地方創生，變的更好。","例如老舊建築翻新，讓觀光客進入","正心觀光",1,1
212,"結合新竹美術館引領文藝新竹","新竹美術館空間狹小但卻是具有歷史意義的優美建築，結合附近護城河公園將其作最大化利用","美術館周邊護城河公園規劃文青咖啡藝術廊道，結合新竹美術館與展覽，規劃露天咖啡廳，使整個護城河公園周遭都成為新竹美術館的藝術展區","期待將歐洲的文藝浪漫氣息引入台灣美麗的老城市中",4,4
205,"以快速公車走廊打造新竹通勤新骨幹","新竹市區到竹科間尖峰嚴重壅塞，大眾運輸速度慢且不穩定，導致民眾依賴汽機車，使交通惡化。","1.設置公車專用或優先車道。 2.導入智慧號誌，讓公車更準時。 3.增加尖峰班次並加強與高鐵、火車站銜接。 4.站點整合 YouBike、共享機車改善最後一哩。","通勤時間縮短。 私人車輛使用減少。 提升大眾運輸使用率。 減少壅塞、提升效率。 降低排放、改善空氣。 讓交通更平等、更有助城市競爭力。",4,5
211,"活化東門市場","東門市場二三樓相較冷清與閒置，期待將其妥善利用回饋市民","引入多元店家：酒吧、潮流店舖、夜店，使其為新竹帶來次文化的青春活力 並打造類似西門町美國街的潮流嘻哈重地","期望能讓更多大學生與新竹青年能享受新竹在地的夜生活與潮流文化，不必專程去台北耗時傷財",49,49
204,"戀愛教練交友分享","感情 脫單","教練的分享對我幫助很大","希望可以幫助人脫單",0,0
214,"竹科交通改善","竹科交通壅塞的改善問題儼然成為新竹市頭號難題","增加竹科園區周邊立體停車場數量，鼓勵竹科僱員將車停園區周邊停車場，並廣設youbike站點，用邀請oloo進駐竹科園區內","降低竹科私家車比例創造美好綠色新竹",2,3
208,"新竹智慧交通流量管理系統","市區尖峰時間容易塞車，尤其是園區出入口、學區及市中心；目前號誌調控仍偏靜態，無法隨交通波動動態反應。","1.建置 AI 交通影像分析與智慧號誌控制系統。 2.整合 YouBike、人流、車流資料，進行即時交通預測。 3.透過手機 APP 提供最佳通勤時段與替代路線建議。","希望將新竹打造為「風城不塞城」，讓交通調度能隨時自動最佳化，減少塞車與通勤壓力。智慧交通將提升道路使用效率、降低碳排、改善通勤情緒，也提高外來人才對城市的好感度。",49,49
201,"5秒判斷現在適不適合騎UBike","現在我們很難在到Ubike站之前就知道有沒有車可以給我們借，除此之外也不能事先得知我們想要去的終點站有沒有空位可以還","整合 YouBike、天氣、空氣品質與道路施工資料並使用YouBike站點可借、可還歷史資料訓練預測空位模型，提供即時的行程安全分析與最佳終點站。","一般市民與通勤族：快速掌握即時安全狀況，提升出行效率與安心感。 觀光旅客：根據天氣與路況建議選擇舒適、安全的城市探索路線。 期望透過資訊整合，讓使用者在出發前就能掌握潛在風險，讓市民在使用 YouBike 時，能有更流暢、更安全的騎乘體驗。",0,0
209,"智慧公園環境監測與管理","新竹日照強、季風大，使公園使用率受天氣影響；部分公園設備老舊或缺乏即時維護資訊，影響市民使用意願。","1.安裝溫度、風速、紫外線、空氣品質等感測器。 2.提供公園「舒適度指標」即時顯示與 APP 查詢。 3.公園設備（燈具、水設施、座椅）導入智慧巡檢與壞損即時回報。","讓公園變成會「自我管理」的友善空間，提高市民的使用率與安全性。智慧化維護能減少公務單位的人工巡檢成本，並讓市民更自在地使用戶外空間。",49,49
206,"「青年活力行動計畫」打造城市創新動能","青年擁有創意與行動力，但常因資源不足、舞台有限或參與度偏低，使能量無法充分投入城市發展。","1.提供青年專屬的創意提案補助 2.設置青年共創空間，推動跨領域合作。 3.舉辦城市議題黑客松，鼓勵青年提出解方。 4.建立青年參與平台，讓意見能直接影響政策。","1.激發青年參與公共事務的動力，提升創新提案量。 2.促進城市與青年之間的互動，形成更具活力的社會。 3.帶動跨領域合作與新創機會，強化城市競爭力與包容性。",7,10
213,"改善竹科交通壅塞問題","竹科私家車過多與道路狹窄導致的壅塞問題早已成為新竹人的惡夢","使用etag在尖峰時段（上下班時間）對竹科園區內與鄰近道路收取過路費，並增加免費接駁車班次","透過收費路段降低竹科園區私家車比例，不但降低污染還提高同行效率又可為市庫挹注財源",1,2
202,"新竹不是美食沙漠——新竹美食地圖","新竹市才不是美食沙漠！只是常常不知道要去哪裡找到它們...希望有個「新竹美食地圖」讓我們一鍵找到想吃的食物！","打造 「新竹美食地圖」網站/App，把新竹的美味全部挖出來、整理好，讓市民共同編輯、一起留言評價。 只要選擇自己想吃的類型，就能立刻找到屬於自己的夢中情店！","1.打破美食沙漠傳說 2.讓更多人發現在地小店 3.讓使用者找到夢中情店",0,0
210,"活化北大公園","北大公園已為新竹帶來文藝氣息但仍有進步空間","以草悟道市民廣場為藍圖，舉辦假日市集、邀請街頭藝人表演、移動式餐車、露天電影院","期待吸引更多族群與創造更豐富的文化新竹",49,49
207,"新竹城市色彩重塑計畫","新竹市內多處街道色彩混亂、招牌風格不一致，缺乏統一美感規範，讓城市視覺顯得雜亂、缺乏特色。","1.引入城市色彩指南（如台南的色票概念）。 2.製作招牌美化補助方案，鼓勵商家以友善色系、簡潔設計更新招牌。 3.設置示範街區，以小區域率先改造，逐步推廣。","透過建立新竹的城市色彩識別，營造出具有一致調性的街景，讓市民與旅客一眼就能辨識城市特色。更具質感的街道將提升生活舒適度、吸引觀光、強化商圈形象，同時促成地方文化品牌化與店家參與度提升。",49,49